,mut_type,R2,source,replicate
606,AC,0.5288887130147679,linear_train,5
519,AC,0.5523492748554033,linear_test,1
687,AC,0.5638777022608377,linear_test,8
536,AC,0.5489932149743351,linear_train,2
515,AC,0.5347145384804446,linear_train,1
618,AC,0.5808589201165834,linear_test,5
545,AC,0.4940802440328518,linear_test,2
682,AC,0.5322108177264175,linear_train,8
656,AC,0.5318085835347599,linear_train,7
707,AC,0.5406183878194086,linear_train,9
498,AC,0.5056023406720149,linear_test,0
635,AC,0.5412800561087108,linear_train,6
590,AC,0.5543403143447403,linear_test,4
586,AC,0.5344353519345474,linear_train,4
712,AC,0.5317681819757603,linear_test,9
671,AC,0.5578213099698983,linear_test,7
639,AC,0.52388861819334,linear_test,6
572,AC,0.5131525144203295,linear_test,3
559,AC,0.5446355017302749,linear_train,3
488,AC,0.5454929218139604,linear_train,0
535,AG,0.3154183189765721,linear_train,2
573,AG,0.3282421187894473,linear_test,3
546,AG,0.2860810635746288,linear_test,2
662,AG,0.2835023845996697,linear_test,7
679,AG,0.3052808317080581,linear_train,8
655,AG,0.3145080357841546,linear_train,7
583,AG,0.3118614827723545,linear_train,4
558,AG,0.3026304687467053,linear_train,3
715,AG,0.2893356260661736,linear_test,9
690,AG,0.3223511704565233,linear_test,8
598,AG,0.2909074243500091,linear_test,4
525,AG,0.2885745915921934,linear_test,1
644,AG,0.2778998302937318,linear_test,6
607,AG,0.3201538223483676,linear_train,5
501,AG,0.323349868563637,linear_test,0
631,AG,0.3170096795942403,linear_train,6
487,AG,0.3031292283261796,linear_train,0
617,AG,0.2647570650758424,linear_test,5
701,AG,0.3138060233836831,linear_train,9
510,AG,0.3132976417197832,linear_train,1
729,AT,0.5484743347883316,linear_train,0
872,AT,0.5596459183871929,linear_train,6
908,AT,0.5156406050592887,linear_test,7
763,AT,0.4689850219324315,linear_test,1
942,AT,0.5705872219455959,linear_train,9
861,AT,0.5178063930885284,linear_test,5
954,AT,0.4904889754561613,linear_test,9
848,AT,0.5653075692659093,linear_train,5
803,AT,0.5534442425436652,linear_train,3
807,AT,0.574454592884452,linear_test,3
928,AT,0.5762054172415283,linear_test,8
739,AT,0.5891372043270089,linear_test,0
824,AT,0.5494052453960032,linear_train,4
779,AT,0.5763094246468475,linear_train,2
782,AT,0.4663320231886961,linear_test,2
897,AT,0.5679319119763584,linear_train,7
881,AT,0.5424141574910407,linear_test,6
835,AT,0.5883481941045203,linear_test,4
751,AT,0.5761752975892884,linear_train,1
921,AT,0.5530101448673792,linear_train,8
627,CA,0.3112352958547044,linear_train,6
620,CA,0.3871825708688915,linear_test,5
603,CA,0.2629449164968379,linear_train,5
642,CA,0.2057434946590534,linear_test,6
591,CA,0.3245797435076771,linear_test,4
653,CA,0.3099540415390588,linear_train,7
580,CA,0.2786887108803866,linear_train,4
676,CA,0.3282192867816002,linear_train,8
693,CA,0.1217860328614818,linear_test,8
533,CA,0.2744329861052651,linear_train,2
512,CA,0.2821900804233755,linear_train,1
703,CA,0.3290413198612256,linear_train,9
548,CA,0.342234396162163,linear_test,2
503,CA,0.1799151544122652,linear_test,0
710,CA,0.1139825822353257,linear_test,9
518,CA,0.2789819831285924,linear_test,1
571,CA,0.3620681437206858,linear_test,3
667,CA,0.2191845775187917,linear_test,7
484,CA,0.30690443144386,linear_train,0
556,CA,0.2684385942091907,linear_train,3
805,CG,0.3053322164264527,linear_test,3
821,CG,0.3101464260349448,linear_train,4
939,CG,0.3041104277138576,linear_train,9
725,CG,0.2749891661076252,linear_train,0
783,CG,0.2719056446261647,linear_test,2
917,CG,0.254266899131516,linear_train,8
737,CG,0.3396039243161947,linear_test,0
934,CG,0.4052492774565785,linear_test,8
774,CG,0.2883097392627725,linear_train,2
906,CG,0.2983420360766202,linear_test,7
833,CG,0.1803651770638782,linear_test,4
894,CG,0.2873117486372394,linear_train,7
747,CG,0.2788563936365309,linear_train,1
760,CG,0.3285275684042367,linear_test,1
880,CG,0.3250971812106459,linear_test,6
957,CG,0.1551409398469182,linear_test,9
868,CG,0.270784971314214,linear_train,6
849,CG,0.2882340107960558,linear_train,5
854,CG,0.2438458131932573,linear_test,5
800,CG,0.2767847047570694,linear_train,3
781,CT,0.4142799201043812,linear_test,2
745,CT,0.4557395579396049,linear_train,1
735,CT,0.4898005362529233,linear_test,0
761,CT,0.3938774228939319,linear_test,1
769,CT,0.4478974671604181,linear_train,2
721,CT,0.4300112010751618,linear_train,0
836,CT,0.4216327258902361,linear_test,4
885,CT,0.3738408965883718,linear_test,6
856,CT,0.3748275734504417,linear_test,5
889,CT,0.4441263562119587,linear_train,7
900,CT,0.4346094242986168,linear_test,7
841,CT,0.4559879446787036,linear_train,5
793,CT,0.4373072542515028,linear_train,3
913,CT,0.4341005060735805,linear_train,8
929,CT,0.4759505736762123,linear_test,8
865,CT,0.4596641961054603,linear_train,6
936,CT,0.4379042757377802,linear_train,9
806,CT,0.4542555709472723,linear_test,3
953,CT,0.4618456569124753,linear_test,9
816,CT,0.4477488914066624,linear_train,4
504,GA,0.2981801558260486,linear_train,1
704,GA,0.2943289656225882,linear_train,9
522,GA,0.3827421233249084,linear_test,1
500,GA,0.3199209013049157,linear_test,0
691,GA,0.2196978403880712,linear_test,8
528,GA,0.3298924019062881,linear_train,2
708,GA,0.4275150346526246,linear_test,9
547,GA,0.2701206438810791,linear_test,2
552,GA,0.3008296671610101,linear_train,3
480,GA,0.3157658908653761,linear_train,0
672,GA,0.3343966699988198,linear_train,8
643,GA,0.206550688869068,linear_test,6
624,GA,0.3556313928658912,linear_train,6
619,GA,0.262857539545474,linear_test,5
648,GA,0.3130502536828246,linear_train,7
588,GA,0.2861652589695116,linear_test,4
663,GA,0.333247296892295,linear_test,7
600,GA,0.3263484270730236,linear_train,5
570,GA,0.3757373797429004,linear_test,3
582,GA,0.3217362016998321,linear_train,4
898,GC,0.323757704044237,linear_train,7
801,GC,0.268187698597791,linear_train,3
945,GC,0.2625174284535991,linear_train,9
873,GC,0.3254548268858659,linear_train,6
935,GC,0.2302291130088756,linear_test,8
767,GC,0.260460922826548,linear_test,1
731,GC,0.3201861267484921,linear_train,0
886,GC,0.1610449898360413,linear_test,6
814,GC,0.4074959272615005,linear_test,3
920,GC,0.2983446840833385,linear_train,8
736,GC,0.1402608607323846,linear_test,0
862,GC,0.261576293763467,linear_test,5
839,GC,-0.3009548419700594,linear_test,4
910,GC,0.0938007632295057,linear_test,7
777,GC,0.2710411878512513,linear_train,2
753,GC,0.3028833143249885,linear_train,1
850,GC,0.2943539399749091,linear_train,5
825,GC,0.3630638754913396,linear_train,4
790,GC,0.4039384234061766,linear_test,2
959,GC,0.3415069756177897,linear_test,9
594,GT,0.077194637635658,linear_test,4
490,GT,0.1590899105373496,linear_train,0
502,GT,0.0498116962281627,linear_test,0
514,GT,0.110868727291123,linear_train,1
526,GT,0.2448444099089803,linear_test,1
538,GT,0.1799172877684056,linear_train,2
551,GT,-0.0249242796976267,linear_test,2
562,GT,0.1813149032673886,linear_train,3
575,GT,-0.0400589823474715,linear_test,3
587,GT,0.1476615441419032,linear_train,4
718,GT,-0.2727382129359696,linear_test,9
611,GT,0.1638056519679288,linear_train,5
623,GT,-0.0201525604727019,linear_test,5
634,GT,0.1600355067431457,linear_train,6
647,GT,0.060912440130855,linear_test,6
665,GT,0.0131444409829641,linear_test,7
659,GT,0.1537513303095778,linear_train,7
692,GT,0.1165630581513775,linear_test,8
706,GT,0.1785856424949286,linear_train,9
683,GT,0.1422394244251489,linear_train,8
716,TA,0.5202493576672305,linear_test,9
569,TA,0.4694918487804416,linear_test,3
589,TA,0.5047702267598447,linear_test,4
669,TA,0.5519383201059157,linear_test,7
604,TA,0.5118059130056244,linear_train,5
493,TA,0.5274455656960961,linear_test,0
612,TA,0.5448371456460372,linear_test,5
508,TA,0.5235256864824716,linear_train,1
554,TA,0.5306221802905796,linear_train,3
686,TA,0.5121321015481941,linear_test,8
697,TA,0.5175041326696743,linear_train,9
629,TA,0.5078229357887862,linear_train,6
540,TA,0.4677717803678132,linear_test,2
636,TA,0.5560364450251001,linear_test,6
516,TA,0.495110239996487,linear_test,1
674,TA,0.5195079023329244,linear_train,8
650,TA,0.5090774303181729,linear_train,7
482,TA,0.5148551369513783,linear_train,0
530,TA,0.53048491084075,linear_train,2
577,TA,0.5203376299257814,linear_train,4
544,TC,0.3832218607689589,linear_test,2
557,TC,0.36658384151815,linear_train,3
564,TC,0.4196870346846427,linear_test,3
531,TC,0.3753264952886052,linear_train,2
509,TC,0.3843148825957153,linear_train,1
592,TC,0.3793518365704202,linear_test,4
517,TC,0.3519435793540895,linear_test,1
685,TC,0.4111897872143834,linear_test,8
700,TC,0.391845729877729,linear_train,9
709,TC,0.3184406714431061,linear_test,9
494,TC,0.3068276898916199,linear_test,0
602,TC,0.387785897157796,linear_train,5
661,TC,0.3720321493329624,linear_test,7
615,TC,0.3308830597116885,linear_test,5
578,TC,0.3766886601488772,linear_train,4
626,TC,0.3880801468213598,linear_train,6
651,TC,0.3773663674546691,linear_train,7
675,TC,0.3679411429390353,linear_train,8
483,TC,0.395912854549509,linear_train,0
638,TC,0.3359416562279436,linear_test,6
506,TG,0.6246637238904005,linear_train,1
492,TG,0.5352198955195553,linear_test,0
486,TG,0.6298532498661398,linear_train,0
711,TG,0.6259699783133359,linear_test,9
664,TG,0.586114116980452,linear_test,7
532,TG,0.6210991404045173,linear_train,2
698,TG,0.6057563796425713,linear_train,9
549,TG,0.5648298545735349,linear_test,2
555,TG,0.6165211856805355,linear_train,3
579,TG,0.6172909057444298,linear_train,4
684,TG,0.6426583440952613,linear_test,8
597,TG,0.5802287032947462,linear_test,4
605,TG,0.6031807948074583,linear_train,5
613,TG,0.6377982719855062,linear_test,5
678,TG,0.6007349936041497,linear_train,8
630,TG,0.6053925757318492,linear_train,6
637,TG,0.6246417918283924,linear_test,6
652,TG,0.6147754831056249,linear_train,7
524,TG,0.5370207868626471,linear_test,1
568,TG,0.5798306037361823,linear_test,3
180,AC,0.507066547870636,3_sites_by_1_test,0
181,AC,0.5520492792129517,3_sites_by_1_test,1
182,AC,0.49410396814346313,3_sites_by_1_test,2
183,AC,0.5134042799472809,3_sites_by_1_test,3
184,AC,0.55443075299263,3_sites_by_1_test,4
185,AC,0.5809108018875122,3_sites_by_1_test,5
186,AC,0.5243565738201141,3_sites_by_1_test,6
187,AC,0.5583944320678711,3_sites_by_1_test,7
188,AC,0.56327223777771,3_sites_by_1_test,8
189,AC,0.5318188667297363,3_sites_by_1_test,9
60,AG,0.3233986496925354,3_sites_by_1_test,0
61,AG,0.2879006862640381,3_sites_by_1_test,1
62,AG,0.2844153642654419,3_sites_by_1_test,2
63,AG,0.32795655727386475,3_sites_by_1_test,3
64,AG,0.2910636067390442,3_sites_by_1_test,4
65,AG,0.2599683403968811,3_sites_by_1_test,5
66,AG,0.2775977849960327,3_sites_by_1_test,6
67,AG,0.28243857622146606,3_sites_by_1_test,7
68,AG,0.32253021001815796,3_sites_by_1_test,8
69,AG,0.28877395391464233,3_sites_by_1_test,9
300,AT,0.5889782011508942,3_sites_by_1_test,0
301,AT,0.4693775773048401,3_sites_by_1_test,1
302,AT,0.4666023254394531,3_sites_by_1_test,2
303,AT,0.5743963122367859,3_sites_by_1_test,3
304,AT,0.5888410210609436,3_sites_by_1_test,4
305,AT,0.5179091393947601,3_sites_by_1_test,5
306,AT,0.5410002768039703,3_sites_by_1_test,6
307,AT,0.5161254405975342,3_sites_by_1_test,7
308,AT,0.5766561329364777,3_sites_by_1_test,8
309,AT,0.4906526207923889,3_sites_by_1_test,9
780,CA,0.17762690782546997,3_sites_by_1_test,0
781,CA,0.28310126066207886,3_sites_by_1_test,1
782,CA,0.34051913022994995,3_sites_by_1_test,2
783,CA,0.36638516187667847,3_sites_by_1_test,3
784,CA,0.3225746750831604,3_sites_by_1_test,4
785,CA,0.3851449489593506,3_sites_by_1_test,5
786,CA,0.2062036395072937,3_sites_by_1_test,6
787,CA,0.21974408626556396,3_sites_by_1_test,7
788,CA,0.11963790655136108,3_sites_by_1_test,8
789,CA,0.11619716882705688,3_sites_by_1_test,9
900,CG,0.3418806791305542,3_sites_by_1_test,0
901,CG,0.3300873637199402,3_sites_by_1_test,1
902,CG,0.2713884711265564,3_sites_by_1_test,2
903,CG,0.3054598569869995,3_sites_by_1_test,3
904,CG,0.18010538816452026,3_sites_by_1_test,4
905,CG,0.2432032823562622,3_sites_by_1_test,5
906,CG,0.3247966170310974,3_sites_by_1_test,6
907,CG,0.2975602149963379,3_sites_by_1_test,7
908,CG,0.40529483556747437,3_sites_by_1_test,8
909,CG,0.1620945930480957,3_sites_by_1_test,9
1020,CT,0.48844754695892334,3_sites_by_1_test,0
1021,CT,0.39584434032440186,3_sites_by_1_test,1
1022,CT,0.4177541136741638,3_sites_by_1_test,2
1023,CT,0.450799822807312,3_sites_by_1_test,3
1024,CT,0.42161041498184204,3_sites_by_1_test,4
1025,CT,0.3867676854133606,3_sites_by_1_test,5
1026,CT,0.37771761417388916,3_sites_by_1_test,6
1027,CT,0.4322652220726013,3_sites_by_1_test,7
1028,CT,0.46260929107666016,3_sites_by_1_test,8
1029,CT,0.45092254877090454,3_sites_by_1_test,9
420,GA,0.3205358386039734,3_sites_by_1_test,0
421,GA,0.3802739977836609,3_sites_by_1_test,1
422,GA,0.27069395780563354,3_sites_by_1_test,2
423,GA,0.37887758016586304,3_sites_by_1_test,3
424,GA,0.28548210859298706,3_sites_by_1_test,4
425,GA,0.25385427474975586,3_sites_by_1_test,5
426,GA,0.21105092763900757,3_sites_by_1_test,6
427,GA,0.3343352675437927,3_sites_by_1_test,7
428,GA,0.2178438901901245,3_sites_by_1_test,8
429,GA,0.4259886145591736,3_sites_by_1_test,9
540,GC,0.1329869031906128,3_sites_by_1_test,0
541,GC,0.2601305842399597,3_sites_by_1_test,1
542,GC,0.4021398425102234,3_sites_by_1_test,2
543,GC,0.40793532133102417,3_sites_by_1_test,3
544,GC,-0.3051110506057739,3_sites_by_1_test,4
545,GC,0.26197677850723267,3_sites_by_1_test,5
546,GC,0.15804117918014526,3_sites_by_1_test,6
547,GC,0.09706896543502808,3_sites_by_1_test,7
548,GC,0.2292717695236206,3_sites_by_1_test,8
549,GC,0.34711140394210815,3_sites_by_1_test,9
660,GT,0.056255996227264404,3_sites_by_1_test,0
661,GT,0.2132192850112915,3_sites_by_1_test,1
662,GT,-0.020264267921447754,3_sites_by_1_test,2
663,GT,-0.026429295539855957,3_sites_by_1_test,3
664,GT,0.0625237226486206,3_sites_by_1_test,4
665,GT,0.0004862546920776367,3_sites_by_1_test,5
666,GT,0.07927489280700684,3_sites_by_1_test,6
667,GT,0.006981015205383301,3_sites_by_1_test,7
668,GT,0.11072391271591187,3_sites_by_1_test,8
669,GT,-0.256189227104187,3_sites_by_1_test,9
1140,TA,0.5276027917861938,3_sites_by_1_test,0
1141,TA,0.49495190382003784,3_sites_by_1_test,1
1142,TA,0.4677201509475708,3_sites_by_1_test,2
1143,TA,0.4692673683166504,3_sites_by_1_test,3
1144,TA,0.5048091411590576,3_sites_by_1_test,4
1145,TA,0.544850617647171,3_sites_by_1_test,5
1146,TA,0.5555779337882996,3_sites_by_1_test,6
1147,TA,0.5520057678222656,3_sites_by_1_test,7
1148,TA,0.5123651325702667,3_sites_by_1_test,8
1149,TA,0.5203776955604553,3_sites_by_1_test,9
1380,TC,0.30687636137008667,3_sites_by_1_test,0
1381,TC,0.3519580364227295,3_sites_by_1_test,1
1382,TC,0.38296592235565186,3_sites_by_1_test,2
1383,TC,0.41962605714797974,3_sites_by_1_test,3
1384,TC,0.3794797658920288,3_sites_by_1_test,4
1385,TC,0.33052611351013184,3_sites_by_1_test,5
1386,TC,0.3363853693008423,3_sites_by_1_test,6
1387,TC,0.37192195653915405,3_sites_by_1_test,7
1388,TC,0.411324679851532,3_sites_by_1_test,8
1389,TC,0.31854015588760376,3_sites_by_1_test,9
1260,TG,0.5351831912994385,3_sites_by_1_test,0
1261,TG,0.5369674861431122,3_sites_by_1_test,1
1262,TG,0.5648321509361267,3_sites_by_1_test,2
1263,TG,0.5797100067138672,3_sites_by_1_test,3
1264,TG,0.5800428986549377,3_sites_by_1_test,4
1265,TG,0.6378970444202423,3_sites_by_1_test,5
1266,TG,0.6246762275695801,3_sites_by_1_test,6
1267,TG,0.5858354270458221,3_sites_by_1_test,7
1268,TG,0.6430786550045013,3_sites_by_1_test,8
1269,TG,0.6259512007236481,3_sites_by_1_test,9
120,AC,0.5454095900058746,3_sites_by_1_train,0
121,AC,0.5347045958042145,3_sites_by_1_train,1
122,AC,0.5489917695522308,3_sites_by_1_train,2
123,AC,0.5446195602416992,3_sites_by_1_train,3
124,AC,0.5344299077987671,3_sites_by_1_train,4
125,AC,0.5288738906383514,3_sites_by_1_train,5
126,AC,0.5412501096725464,3_sites_by_1_train,6
127,AC,0.5317886173725128,3_sites_by_1_train,7
128,AC,0.5321881473064423,3_sites_by_1_train,8
129,AC,0.5405930876731873,3_sites_by_1_train,9
0,AG,0.3031257390975952,3_sites_by_1_train,0
1,AG,0.3132662773132324,3_sites_by_1_train,1
2,AG,0.31411224603652954,3_sites_by_1_train,2
3,AG,0.3026235103607178,3_sites_by_1_train,3
4,AG,0.3118577003479004,3_sites_by_1_train,4
5,AG,0.31942641735076904,3_sites_by_1_train,5
6,AG,0.3169877529144287,3_sites_by_1_train,6
7,AG,0.31445765495300293,3_sites_by_1_train,7
8,AG,0.30527710914611816,3_sites_by_1_train,8
9,AG,0.31367701292037964,3_sites_by_1_train,9
240,AT,0.5484459102153778,3_sites_by_1_train,0
241,AT,0.5761278867721558,3_sites_by_1_train,1
242,AT,0.576307088136673,3_sites_by_1_train,2
243,AT,0.5534378886222839,3_sites_by_1_train,3
244,AT,0.5493989586830139,3_sites_by_1_train,4
245,AT,0.5652913153171539,3_sites_by_1_train,5
246,AT,0.5596232116222382,3_sites_by_1_train,6
247,AT,0.5678769052028656,3_sites_by_1_train,7
248,AT,0.552969217300415,3_sites_by_1_train,8
249,AT,0.5705766379833221,3_sites_by_1_train,9
720,CA,0.3067784309387207,3_sites_by_1_train,0
721,CA,0.28165674209594727,3_sites_by_1_train,1
722,CA,0.2729225158691406,3_sites_by_1_train,2
723,CA,0.2678207755088806,3_sites_by_1_train,3
724,CA,0.27845674753189087,3_sites_by_1_train,4
725,CA,0.2628999948501587,3_sites_by_1_train,5
726,CA,0.31120795011520386,3_sites_by_1_train,6
727,CA,0.3097444772720337,3_sites_by_1_train,7
728,CA,0.32752424478530884,3_sites_by_1_train,8
729,CA,0.32894575595855713,3_sites_by_1_train,9
840,CG,0.2749260663986206,3_sites_by_1_train,0
841,CG,0.27875083684921265,3_sites_by_1_train,1
842,CG,0.28828710317611694,3_sites_by_1_train,2
843,CG,0.27664464712142944,3_sites_by_1_train,3
844,CG,0.31014394760131836,3_sites_by_1_train,4
845,CG,0.288215696811676,3_sites_by_1_train,5
846,CG,0.27073055505752563,3_sites_by_1_train,6
847,CG,0.2872275114059448,3_sites_by_1_train,7
848,CG,0.2542414665222168,3_sites_by_1_train,8
849,CG,0.30385202169418335,3_sites_by_1_train,9
960,CT,0.42573434114456177,3_sites_by_1_train,0
961,CT,0.44834738969802856,3_sites_by_1_train,1
962,CT,0.4409603476524353,3_sites_by_1_train,2
963,CT,0.43475115299224854,3_sites_by_1_train,3
964,CT,0.44527316093444824,3_sites_by_1_train,4
965,CT,0.44206464290618896,3_sites_by_1_train,5
966,CT,0.45774006843566895,3_sites_by_1_train,6
967,CT,0.4300328493118286,3_sites_by_1_train,7
968,CT,0.4255777597427368,3_sites_by_1_train,8
969,CT,0.42972517013549805,3_sites_by_1_train,9
360,GA,0.31567835807800293,3_sites_by_1_train,0
361,GA,0.29730290174484253,3_sites_by_1_train,1
362,GA,0.3295782208442688,3_sites_by_1_train,2
363,GA,0.3005320429801941,3_sites_by_1_train,3
364,GA,0.3216819763183594,3_sites_by_1_train,4
365,GA,0.3256797790527344,3_sites_by_1_train,5
366,GA,0.352918803691864,3_sites_by_1_train,6
367,GA,0.3127205967903137,3_sites_by_1_train,7
368,GA,0.3343477249145508,3_sites_by_1_train,8
369,GA,0.2937701940536499,3_sites_by_1_train,9
480,GC,0.3198769688606262,3_sites_by_1_train,0
481,GC,0.302834689617157,3_sites_by_1_train,1
482,GC,0.2706359624862671,3_sites_by_1_train,2
483,GC,0.2681823968887329,3_sites_by_1_train,3
484,GC,0.36305755376815796,3_sites_by_1_train,4
485,GC,0.2942664623260498,3_sites_by_1_train,5
486,GC,0.3251346945762634,3_sites_by_1_train,6
487,GC,0.3234694004058838,3_sites_by_1_train,7
488,GC,0.2979738116264343,3_sites_by_1_train,8
489,GC,0.2622913718223572,3_sites_by_1_train,9
600,GT,0.15497124195098877,3_sites_by_1_train,0
601,GT,0.10602790117263794,3_sites_by_1_train,1
602,GT,0.17132991552352905,3_sites_by_1_train,2
603,GT,0.17099767923355103,3_sites_by_1_train,3
604,GT,0.14589923620224,3_sites_by_1_train,4
605,GT,0.15279227495193481,3_sites_by_1_train,5
606,GT,0.15085911750793457,3_sites_by_1_train,6
607,GT,0.1455727219581604,3_sites_by_1_train,7
608,GT,0.13526850938796997,3_sites_by_1_train,8
609,GT,0.17584389448165894,3_sites_by_1_train,9
1080,TA,0.5148530602455139,3_sites_by_1_train,0
1081,TA,0.5235140025615692,3_sites_by_1_train,1
1082,TA,0.5304756164550781,3_sites_by_1_train,2
1083,TA,0.5306051969528198,3_sites_by_1_train,3
1084,TA,0.5203372240066528,3_sites_by_1_train,4
1085,TA,0.511803537607193,3_sites_by_1_train,5
1086,TA,0.5077011585235596,3_sites_by_1_train,6
1087,TA,0.5090656280517578,3_sites_by_1_train,7
1088,TA,0.5194857120513916,3_sites_by_1_train,8
1089,TA,0.517500638961792,3_sites_by_1_train,9
1320,TC,0.3959078788757324,3_sites_by_1_train,0
1321,TC,0.3842577338218689,3_sites_by_1_train,1
1322,TC,0.37530553340911865,3_sites_by_1_train,2
1323,TC,0.36657726764678955,3_sites_by_1_train,3
1324,TC,0.3766857385635376,3_sites_by_1_train,4
1325,TC,0.3877714276313782,3_sites_by_1_train,5
1326,TC,0.3880651593208313,3_sites_by_1_train,6
1327,TC,0.3773520588874817,3_sites_by_1_train,7
1328,TC,0.3679353594779968,3_sites_by_1_train,8
1329,TC,0.3918260335922241,3_sites_by_1_train,9
1200,TG,0.6298448145389557,3_sites_by_1_train,0
1201,TG,0.6246569752693176,3_sites_by_1_train,1
1202,TG,0.6210965216159821,3_sites_by_1_train,2
1203,TG,0.6165193319320679,3_sites_by_1_train,3
1204,TG,0.617272824048996,3_sites_by_1_train,4
1205,TG,0.6031772494316101,3_sites_by_1_train,5
1206,TG,0.6053893566131592,3_sites_by_1_train,6
1207,TG,0.6147579550743103,3_sites_by_1_train,7
1208,TG,0.60069939494133,3_sites_by_1_train,8
1209,TG,0.6057499945163727,3_sites_by_1_train,9
190,AC,0.5207250416278839,3_sites_by_3_test,0
191,AC,0.5747934281826019,3_sites_by_3_test,1
192,AC,0.5030737221240997,3_sites_by_3_test,2
193,AC,0.5263030827045441,3_sites_by_3_test,3
194,AC,0.5577789545059204,3_sites_by_3_test,4
195,AC,0.5903421640396118,3_sites_by_3_test,5
196,AC,0.540253221988678,3_sites_by_3_test,6
197,AC,0.5686383843421936,3_sites_by_3_test,7
198,AC,0.5767132937908173,3_sites_by_3_test,8
199,AC,0.5312677919864655,3_sites_by_3_test,9
70,AG,0.335729718208313,3_sites_by_3_test,0
71,AG,0.32715219259262085,3_sites_by_3_test,1
72,AG,0.2943536043167114,3_sites_by_3_test,2
73,AG,0.36151379346847534,3_sites_by_3_test,3
74,AG,0.32758647203445435,3_sites_by_3_test,4
75,AG,0.30193519592285156,3_sites_by_3_test,5
76,AG,0.3132692575454712,3_sites_by_3_test,6
77,AG,0.3128744959831238,3_sites_by_3_test,7
78,AG,0.36107200384140015,3_sites_by_3_test,8
79,AG,0.3227858543395996,3_sites_by_3_test,9
310,AT,0.5799877047538757,3_sites_by_3_test,0
311,AT,0.47426891326904297,3_sites_by_3_test,1
312,AT,0.47175514698028564,3_sites_by_3_test,2
313,AT,0.57743701338768,3_sites_by_3_test,3
314,AT,0.5966469049453735,3_sites_by_3_test,4
315,AT,0.5258750915527344,3_sites_by_3_test,5
316,AT,0.5509022772312164,3_sites_by_3_test,6
317,AT,0.5224446654319763,3_sites_by_3_test,7
318,AT,0.5776785910129547,3_sites_by_3_test,8
319,AT,0.5075129270553589,3_sites_by_3_test,9
790,CA,0.1962760090827942,3_sites_by_3_test,0
791,CA,0.3014809489250183,3_sites_by_3_test,1
792,CA,0.3331410884857178,3_sites_by_3_test,2
793,CA,0.336603581905365,3_sites_by_3_test,3
794,CA,0.3320521116256714,3_sites_by_3_test,4
795,CA,0.3998258709907532,3_sites_by_3_test,5
796,CA,0.19593209028244019,3_sites_by_3_test,6
797,CA,0.22558170557022095,3_sites_by_3_test,7
798,CA,0.1263405680656433,3_sites_by_3_test,8
799,CA,0.13401150703430176,3_sites_by_3_test,9
910,CG,0.32576262950897217,3_sites_by_3_test,0
911,CG,0.3279281258583069,3_sites_by_3_test,1
912,CG,0.28911858797073364,3_sites_by_3_test,2
913,CG,0.30640995502471924,3_sites_by_3_test,3
914,CG,0.1724051833152771,3_sites_by_3_test,4
915,CG,0.271628201007843,3_sites_by_3_test,5
916,CG,0.3505917191505432,3_sites_by_3_test,6
917,CG,0.30612069368362427,3_sites_by_3_test,7
918,CG,0.40340733528137207,3_sites_by_3_test,8
919,CG,0.1549224853515625,3_sites_by_3_test,9
1030,CT,0.4677812457084656,3_sites_by_3_test,0
1031,CT,0.3945021629333496,3_sites_by_3_test,1
1032,CT,0.39646875858306885,3_sites_by_3_test,2
1033,CT,0.4393216371536255,3_sites_by_3_test,3
1034,CT,0.4170647859573364,3_sites_by_3_test,4
1035,CT,0.3794698119163513,3_sites_by_3_test,5
1036,CT,0.3395841121673584,3_sites_by_3_test,6
1037,CT,0.3974236845970154,3_sites_by_3_test,7
1038,CT,0.44440728425979614,3_sites_by_3_test,8
1039,CT,0.44050413370132446,3_sites_by_3_test,9
430,GA,0.34531426429748535,3_sites_by_3_test,0
431,GA,0.38585203886032104,3_sites_by_3_test,1
432,GA,0.2893040180206299,3_sites_by_3_test,2
433,GA,0.3887401223182678,3_sites_by_3_test,3
434,GA,0.26654642820358276,3_sites_by_3_test,4
435,GA,0.2864282727241516,3_sites_by_3_test,5
436,GA,0.24669140577316284,3_sites_by_3_test,6
437,GA,0.3646579384803772,3_sites_by_3_test,7
438,GA,0.26406532526016235,3_sites_by_3_test,8
439,GA,0.5028153955936432,3_sites_by_3_test,9
550,GC,0.09651362895965576,3_sites_by_3_test,0
551,GC,0.2838893532752991,3_sites_by_3_test,1
552,GC,0.39125680923461914,3_sites_by_3_test,2
553,GC,0.3168489933013916,3_sites_by_3_test,3
554,GC,-0.36008965969085693,3_sites_by_3_test,4
555,GC,0.2630729675292969,3_sites_by_3_test,5
556,GC,0.18730002641677856,3_sites_by_3_test,6
557,GC,0.025101780891418457,3_sites_by_3_test,7
558,GC,0.18729126453399658,3_sites_by_3_test,8
559,GC,0.3340580463409424,3_sites_by_3_test,9
670,GT,0.07934272289276123,3_sites_by_3_test,0
671,GT,-0.01461029052734375,3_sites_by_3_test,1
672,GT,-0.14311325550079346,3_sites_by_3_test,2
673,GT,-0.02619767189025879,3_sites_by_3_test,3
674,GT,-0.018346667289733887,3_sites_by_3_test,4
675,GT,-0.20511674880981445,3_sites_by_3_test,5
676,GT,0.037814199924468994,3_sites_by_3_test,6
677,GT,-0.013819336891174316,3_sites_by_3_test,7
678,GT,0.11835002899169922,3_sites_by_3_test,8
679,GT,-0.2789130210876465,3_sites_by_3_test,9
1150,TA,0.5247718095779419,3_sites_by_3_test,0
1151,TA,0.492975652217865,3_sites_by_3_test,1
1152,TA,0.4729604721069336,3_sites_by_3_test,2
1153,TA,0.47136712074279785,3_sites_by_3_test,3
1154,TA,0.5060775578022003,3_sites_by_3_test,4
1155,TA,0.5463247895240784,3_sites_by_3_test,5
1156,TA,0.5620774328708649,3_sites_by_3_test,6
1157,TA,0.5578848719596863,3_sites_by_3_test,7
1158,TA,0.5121748447418213,3_sites_by_3_test,8
1159,TA,0.5210172235965729,3_sites_by_3_test,9
1390,TC,0.31936007738113403,3_sites_by_3_test,0
1391,TC,0.35670143365859985,3_sites_by_3_test,1
1392,TC,0.4041997790336609,3_sites_by_3_test,2
1393,TC,0.4273526072502136,3_sites_by_3_test,3
1394,TC,0.39846962690353394,3_sites_by_3_test,4
1395,TC,0.34968823194503784,3_sites_by_3_test,5
1396,TC,0.3569270968437195,3_sites_by_3_test,6
1397,TC,0.3956742286682129,3_sites_by_3_test,7
1398,TC,0.4266546964645386,3_sites_by_3_test,8
1399,TC,0.342215359210968,3_sites_by_3_test,9
1270,TG,0.5399603843688965,3_sites_by_3_test,0
1271,TG,0.5510186851024628,3_sites_by_3_test,1
1272,TG,0.5672537982463837,3_sites_by_3_test,2
1273,TG,0.5710185468196869,3_sites_by_3_test,3
1274,TG,0.5742449760437012,3_sites_by_3_test,4
1275,TG,0.6411051750183105,3_sites_by_3_test,5
1276,TG,0.6218818128108978,3_sites_by_3_test,6
1277,TG,0.5987058281898499,3_sites_by_3_test,7
1278,TG,0.6364082992076874,3_sites_by_3_test,8
1279,TG,0.6250032782554626,3_sites_by_3_test,9
130,AC,0.5561894774436951,3_sites_by_3_train,0
131,AC,0.5428707003593445,3_sites_by_3_train,1
132,AC,0.5603280663490295,3_sites_by_3_train,2
133,AC,0.5558971762657166,3_sites_by_3_train,3
134,AC,0.5480502545833588,3_sites_by_3_train,4
135,AC,0.5406832993030548,3_sites_by_3_train,5
136,AC,0.5508398711681366,3_sites_by_3_train,6
137,AC,0.5432643592357635,3_sites_by_3_train,7
138,AC,0.5433244109153748,3_sites_by_3_train,8
139,AC,0.5547963082790375,3_sites_by_3_train,9
10,AG,0.3416528105735779,3_sites_by_3_train,0
11,AG,0.34539276361465454,3_sites_by_3_train,1
12,AG,0.35602349042892456,3_sites_by_3_train,2
13,AG,0.3361453413963318,3_sites_by_3_train,3
14,AG,0.3451129198074341,3_sites_by_3_train,4
15,AG,0.352203905582428,3_sites_by_3_train,5
16,AG,0.3498690128326416,3_sites_by_3_train,6
17,AG,0.3487430810928345,3_sites_by_3_train,7
18,AG,0.33581966161727905,3_sites_by_3_train,8
19,AG,0.3474106788635254,3_sites_by_3_train,9
250,AT,0.5608309209346771,3_sites_by_3_train,0
251,AT,0.5834469497203827,3_sites_by_3_train,1
252,AT,0.5845621228218079,3_sites_by_3_train,2
253,AT,0.5628302097320557,3_sites_by_3_train,3
254,AT,0.5569278597831726,3_sites_by_3_train,4
255,AT,0.5731418132781982,3_sites_by_3_train,5
256,AT,0.5667531192302704,3_sites_by_3_train,6
257,AT,0.576104998588562,3_sites_by_3_train,7
258,AT,0.5611922740936279,3_sites_by_3_train,8
259,AT,0.5762995779514313,3_sites_by_3_train,9
730,CA,0.3228967785835266,3_sites_by_3_train,0
731,CA,0.2991805672645569,3_sites_by_3_train,1
732,CA,0.29625624418258667,3_sites_by_3_train,2
733,CA,0.2920324206352234,3_sites_by_3_train,3
734,CA,0.29898953437805176,3_sites_by_3_train,4
735,CA,0.27711522579193115,3_sites_by_3_train,5
736,CA,0.3317798972129822,3_sites_by_3_train,6
737,CA,0.32593637704849243,3_sites_by_3_train,7
738,CA,0.3484424948692322,3_sites_by_3_train,8
739,CA,0.342012882232666,3_sites_by_3_train,9
850,CG,0.28953516483306885,3_sites_by_3_train,0
851,CG,0.29049766063690186,3_sites_by_3_train,1
852,CG,0.2988690137863159,3_sites_by_3_train,2
853,CG,0.29137104749679565,3_sites_by_3_train,3
854,CG,0.32544589042663574,3_sites_by_3_train,4
855,CG,0.2964535355567932,3_sites_by_3_train,5
856,CG,0.27734363079071045,3_sites_by_3_train,6
857,CG,0.2991957664489746,3_sites_by_3_train,7
858,CG,0.2695380449295044,3_sites_by_3_train,8
859,CG,0.31835341453552246,3_sites_by_3_train,9
970,CT,0.4157220125198364,3_sites_by_3_train,0
971,CT,0.4434705972671509,3_sites_by_3_train,1
972,CT,0.430863618850708,3_sites_by_3_train,2
973,CT,0.42381131649017334,3_sites_by_3_train,3
974,CT,0.43107157945632935,3_sites_by_3_train,4
975,CT,0.4412042498588562,3_sites_by_3_train,5
976,CT,0.4133409857749939,3_sites_by_3_train,6
977,CT,0.4132347106933594,3_sites_by_3_train,7
978,CT,0.42143386602401733,3_sites_by_3_train,8
979,CT,0.404011070728302,3_sites_by_3_train,9
370,GA,0.3792423605918884,3_sites_by_3_train,0
371,GA,0.3550778031349182,3_sites_by_3_train,1
372,GA,0.3778868317604065,3_sites_by_3_train,2
373,GA,0.3655592203140259,3_sites_by_3_train,3
374,GA,0.3790956735610962,3_sites_by_3_train,4
375,GA,0.3777145743370056,3_sites_by_3_train,5
376,GA,0.3969290256500244,3_sites_by_3_train,6
377,GA,0.37794774770736694,3_sites_by_3_train,7
378,GA,0.3909533619880676,3_sites_by_3_train,8
379,GA,0.34160810708999634,3_sites_by_3_train,9
490,GC,0.3365495800971985,3_sites_by_3_train,0
491,GC,0.3129118084907532,3_sites_by_3_train,1
492,GC,0.2861495614051819,3_sites_by_3_train,2
493,GC,0.29098302125930786,3_sites_by_3_train,3
494,GC,0.37982553243637085,3_sites_by_3_train,4
495,GC,0.3082934617996216,3_sites_by_3_train,5
496,GC,0.3341939449310303,3_sites_by_3_train,6
497,GC,0.3483074903488159,3_sites_by_3_train,7
498,GC,0.3209783434867859,3_sites_by_3_train,8
499,GC,0.2814940810203552,3_sites_by_3_train,9
610,GT,0.13049542903900146,3_sites_by_3_train,0
611,GT,0.0919293761253357,3_sites_by_3_train,1
612,GT,0.17137622833251953,3_sites_by_3_train,2
613,GT,0.14778274297714233,3_sites_by_3_train,3
614,GT,0.11603087186813354,3_sites_by_3_train,4
615,GT,0.16277694702148438,3_sites_by_3_train,5
616,GT,0.14895260334014893,3_sites_by_3_train,6
617,GT,0.14374125003814697,3_sites_by_3_train,7
618,GT,0.11952662467956543,3_sites_by_3_train,8
619,GT,0.15793412923812866,3_sites_by_3_train,9
1090,TA,0.519924521446228,3_sites_by_3_train,0
1091,TA,0.5280034840106964,3_sites_by_3_train,1
1092,TA,0.533371239900589,3_sites_by_3_train,2
1093,TA,0.5345239043235779,3_sites_by_3_train,3
1094,TA,0.5245535671710968,3_sites_by_3_train,4
1095,TA,0.5160796642303467,3_sites_by_3_train,5
1096,TA,0.5107814073562622,3_sites_by_3_train,6
1097,TA,0.512220025062561,3_sites_by_3_train,7
1098,TA,0.5240106284618378,3_sites_by_3_train,8
1099,TA,0.5218920409679413,3_sites_by_3_train,9
1330,TC,0.41537100076675415,3_sites_by_3_train,0
1331,TC,0.40647953748703003,3_sites_by_3_train,1
1332,TC,0.3929113745689392,3_sites_by_3_train,2
1333,TC,0.3875349760055542,3_sites_by_3_train,3
1334,TC,0.3947327136993408,3_sites_by_3_train,4
1335,TC,0.406039297580719,3_sites_by_3_train,5
1336,TC,0.4059144854545593,3_sites_by_3_train,6
1337,TC,0.3925911784172058,3_sites_by_3_train,7
1338,TC,0.38637834787368774,3_sites_by_3_train,8
1339,TC,0.4081311821937561,3_sites_by_3_train,9
1210,TG,0.6377806961536407,3_sites_by_3_train,0
1211,TG,0.6300031542778015,3_sites_by_3_train,1
1212,TG,0.6296890377998352,3_sites_by_3_train,2
1213,TG,0.6270614564418793,3_sites_by_3_train,3
1214,TG,0.6273738443851471,3_sites_by_3_train,4
1215,TG,0.6108321249485016,3_sites_by_3_train,5
1216,TG,0.6152017712593079,3_sites_by_3_train,6
1217,TG,0.6207614243030548,3_sites_by_3_train,7
1218,TG,0.6104635894298553,3_sites_by_3_train,8
1219,TG,0.6148461103439331,3_sites_by_3_train,9
200,AC,0.582841157913208,5_sites_by_1_test,0
201,AC,0.6203856468200684,5_sites_by_1_test,1
202,AC,0.5537264049053192,5_sites_by_1_test,2
203,AC,0.5391174256801605,5_sites_by_1_test,3
204,AC,0.5698768794536591,5_sites_by_1_test,4
205,AC,0.6140643656253815,5_sites_by_1_test,5
206,AC,0.570557028055191,5_sites_by_1_test,6
207,AC,0.5767907500267029,5_sites_by_1_test,7
208,AC,0.5799848139286041,5_sites_by_1_test,8
209,AC,0.5933305621147156,5_sites_by_1_test,9
80,AG,0.371432900428772,5_sites_by_1_test,0
81,AG,0.32700181007385254,5_sites_by_1_test,1
82,AG,0.2990682125091553,5_sites_by_1_test,2
83,AG,0.3853859305381775,5_sites_by_1_test,3
84,AG,0.3327774405479431,5_sites_by_1_test,4
85,AG,0.31676602363586426,5_sites_by_1_test,5
86,AG,0.30496907234191895,5_sites_by_1_test,6
87,AG,0.3463500142097473,5_sites_by_1_test,7
88,AG,0.3717838525772095,5_sites_by_1_test,8
89,AG,0.3476746082305908,5_sites_by_1_test,9
320,AT,0.6197651028633118,5_sites_by_1_test,0
321,AT,0.5280433893203735,5_sites_by_1_test,1
322,AT,0.5364641547203064,5_sites_by_1_test,2
323,AT,0.6127575933933258,5_sites_by_1_test,3
324,AT,0.6479852795600891,5_sites_by_1_test,4
325,AT,0.582779586315155,5_sites_by_1_test,5
326,AT,0.5934398174285889,5_sites_by_1_test,6
327,AT,0.5725926458835602,5_sites_by_1_test,7
328,AT,0.6400758624076843,5_sites_by_1_test,8
329,AT,0.5237995088100433,5_sites_by_1_test,9
800,CA,0.2511536478996277,5_sites_by_1_test,0
801,CA,0.32657933235168457,5_sites_by_1_test,1
802,CA,0.38837742805480957,5_sites_by_1_test,2
803,CA,0.39715927839279175,5_sites_by_1_test,3
804,CA,0.39536601305007935,5_sites_by_1_test,4
805,CA,0.39481067657470703,5_sites_by_1_test,5
806,CA,0.23950213193893433,5_sites_by_1_test,6
807,CA,0.24445605278015137,5_sites_by_1_test,7
808,CA,0.21039831638336182,5_sites_by_1_test,8
809,CA,0.0943291187286377,5_sites_by_1_test,9
920,CG,0.3188416361808777,5_sites_by_1_test,0
921,CG,0.38258373737335205,5_sites_by_1_test,1
922,CG,0.2782636284828186,5_sites_by_1_test,2
923,CG,0.3096410036087036,5_sites_by_1_test,3
924,CG,0.20692342519760132,5_sites_by_1_test,4
925,CG,0.3233897089958191,5_sites_by_1_test,5
926,CG,0.3678598403930664,5_sites_by_1_test,6
927,CG,0.24114841222763062,5_sites_by_1_test,7
928,CG,0.39888936281204224,5_sites_by_1_test,8
929,CG,0.20565533638000488,5_sites_by_1_test,9
1040,CT,0.4793766736984253,5_sites_by_1_test,0
1041,CT,0.4001469612121582,5_sites_by_1_test,1
1042,CT,0.4314911961555481,5_sites_by_1_test,2
1043,CT,0.47461146116256714,5_sites_by_1_test,3
1044,CT,0.4459649324417114,5_sites_by_1_test,4
1045,CT,0.3904132843017578,5_sites_by_1_test,5
1046,CT,0.39245617389678955,5_sites_by_1_test,6
1047,CT,0.4469791054725647,5_sites_by_1_test,7
1048,CT,0.4849395155906677,5_sites_by_1_test,8
1049,CT,0.46212005615234375,5_sites_by_1_test,9
440,GA,0.3273462653160095,5_sites_by_1_test,0
441,GA,0.40130871534347534,5_sites_by_1_test,1
442,GA,0.27350181341171265,5_sites_by_1_test,2
443,GA,0.37742358446121216,5_sites_by_1_test,3
444,GA,0.2871830463409424,5_sites_by_1_test,4
445,GA,0.2501090168952942,5_sites_by_1_test,5
446,GA,0.19446414709091187,5_sites_by_1_test,6
447,GA,0.3099411129951477,5_sites_by_1_test,7
448,GA,0.23228418827056885,5_sites_by_1_test,8
449,GA,0.4478195905685425,5_sites_by_1_test,9
560,GC,0.058520734310150146,5_sites_by_1_test,0
561,GC,0.19095516204833984,5_sites_by_1_test,1
562,GC,0.3239251375198364,5_sites_by_1_test,2
563,GC,0.3805592656135559,5_sites_by_1_test,3
564,GC,-0.2664743661880493,5_sites_by_1_test,4
565,GC,0.24869263172149658,5_sites_by_1_test,5
566,GC,0.11812657117843628,5_sites_by_1_test,6
567,GC,0.06445091962814331,5_sites_by_1_test,7
568,GC,0.2311229109764099,5_sites_by_1_test,8
569,GC,0.3378056287765503,5_sites_by_1_test,9
680,GT,0.014959275722503662,5_sites_by_1_test,0
681,GT,0.13145852088928223,5_sites_by_1_test,1
682,GT,-0.10418820381164551,5_sites_by_1_test,2
683,GT,-0.04343557357788086,5_sites_by_1_test,3
684,GT,0.00958472490310669,5_sites_by_1_test,4
685,GT,-0.03846728801727295,5_sites_by_1_test,5
686,GT,0.08975309133529663,5_sites_by_1_test,6
687,GT,0.0007454156875610352,5_sites_by_1_test,7
688,GT,-0.01786172389984131,5_sites_by_1_test,8
689,GT,-0.3229943513870239,5_sites_by_1_test,9
1160,TA,0.58299121260643,5_sites_by_1_test,0
1161,TA,0.5375300347805023,5_sites_by_1_test,1
1162,TA,0.5183948576450348,5_sites_by_1_test,2
1163,TA,0.5074143707752228,5_sites_by_1_test,3
1164,TA,0.5635478794574738,5_sites_by_1_test,4
1165,TA,0.566228449344635,5_sites_by_1_test,5
1166,TA,0.5847631096839905,5_sites_by_1_test,6
1167,TA,0.5719868540763855,5_sites_by_1_test,7
1168,TA,0.5631069540977478,5_sites_by_1_test,8
1169,TA,0.5791124701499939,5_sites_by_1_test,9
1400,TC,0.353911817073822,5_sites_by_1_test,0
1401,TC,0.395283043384552,5_sites_by_1_test,1
1402,TC,0.4340900778770447,5_sites_by_1_test,2
1403,TC,0.4511035084724426,5_sites_by_1_test,3
1404,TC,0.41303014755249023,5_sites_by_1_test,4
1405,TC,0.38547956943511963,5_sites_by_1_test,5
1406,TC,0.37128394842147827,5_sites_by_1_test,6
1407,TC,0.4201608896255493,5_sites_by_1_test,7
1408,TC,0.438729465007782,5_sites_by_1_test,8
1409,TC,0.3765159845352173,5_sites_by_1_test,9
1280,TG,0.5461058020591736,5_sites_by_1_test,0
1281,TG,0.5574202239513397,5_sites_by_1_test,1
1282,TG,0.5774985551834106,5_sites_by_1_test,2
1283,TG,0.5976096093654633,5_sites_by_1_test,3
1284,TG,0.5853979587554932,5_sites_by_1_test,4
1285,TG,0.6721811890602112,5_sites_by_1_test,5
1286,TG,0.6471750438213348,5_sites_by_1_test,6
1287,TG,0.6114629209041595,5_sites_by_1_test,7
1288,TG,0.663528710603714,5_sites_by_1_test,8
1289,TG,0.6441031992435455,5_sites_by_1_test,9
140,AC,0.5831158757209778,5_sites_by_1_train,0
141,AC,0.57344651222229,5_sites_by_1_train,1
142,AC,0.591129720211029,5_sites_by_1_train,2
143,AC,0.5947572886943817,5_sites_by_1_train,3
144,AC,0.5874931812286377,5_sites_by_1_train,4
145,AC,0.5771952271461487,5_sites_by_1_train,5
146,AC,0.5866585671901703,5_sites_by_1_train,6
147,AC,0.5834316909313202,5_sites_by_1_train,7
148,AC,0.5842885076999664,5_sites_by_1_train,8
149,AC,0.5826592147350311,5_sites_by_1_train,9
20,AG,0.3587592840194702,5_sites_by_1_train,0
21,AG,0.3726907968521118,5_sites_by_1_train,1
22,AG,0.38158851861953735,5_sites_by_1_train,2
23,AG,0.356892466545105,5_sites_by_1_train,3
24,AG,0.3637571334838867,5_sites_by_1_train,4
25,AG,0.3756754994392395,5_sites_by_1_train,5
26,AG,0.3785715699195862,5_sites_by_1_train,6
27,AG,0.3652976155281067,5_sites_by_1_train,7
28,AG,0.360961377620697,5_sites_by_1_train,8
29,AG,0.36738520860671997,5_sites_by_1_train,9
260,AT,0.6176266074180603,5_sites_by_1_train,0
261,AT,0.636271744966507,5_sites_by_1_train,1
262,AT,0.6359807550907135,5_sites_by_1_train,2
263,AT,0.619988203048706,5_sites_by_1_train,3
264,AT,0.6110453605651855,5_sites_by_1_train,4
265,AT,0.6253598034381866,5_sites_by_1_train,5
266,AT,0.6231057345867157,5_sites_by_1_train,6
267,AT,0.6290624141693115,5_sites_by_1_train,7
268,AT,0.613309919834137,5_sites_by_1_train,8
269,AT,0.6377798616886139,5_sites_by_1_train,9
740,CA,0.35278624296188354,5_sites_by_1_train,0
741,CA,0.33446788787841797,5_sites_by_1_train,1
742,CA,0.3266228437423706,5_sites_by_1_train,2
743,CA,0.3215217590332031,5_sites_by_1_train,3
744,CA,0.3205854296684265,5_sites_by_1_train,4
745,CA,0.32324349880218506,5_sites_by_1_train,5
746,CA,0.36650657653808594,5_sites_by_1_train,6
747,CA,0.35626429319381714,5_sites_by_1_train,7
748,CA,0.36644941568374634,5_sites_by_1_train,8
749,CA,0.3949315547943115,5_sites_by_1_train,9
860,CG,0.3104649782180786,5_sites_by_1_train,0
861,CG,0.3025440573692322,5_sites_by_1_train,1
862,CG,0.3223552703857422,5_sites_by_1_train,2
863,CG,0.31153208017349243,5_sites_by_1_train,3
864,CG,0.33584487438201904,5_sites_by_1_train,4
865,CG,0.3076058626174927,5_sites_by_1_train,5
866,CG,0.29585176706314087,5_sites_by_1_train,6
867,CG,0.3292118310928345,5_sites_by_1_train,7
868,CG,0.2917730212211609,5_sites_by_1_train,8
869,CG,0.3288782238960266,5_sites_by_1_train,9
980,CT,0.4364650249481201,5_sites_by_1_train,0
981,CT,0.46927279233932495,5_sites_by_1_train,1
982,CT,0.4508114457130432,5_sites_by_1_train,2
983,CT,0.4465671181678772,5_sites_by_1_train,3
984,CT,0.4575340747833252,5_sites_by_1_train,4
985,CT,0.4689178466796875,5_sites_by_1_train,5
986,CT,0.4693453907966614,5_sites_by_1_train,6
987,CT,0.4561358094215393,5_sites_by_1_train,7
988,CT,0.4468972086906433,5_sites_by_1_train,8
989,CT,0.4474201798439026,5_sites_by_1_train,9
380,GA,0.332553505897522,5_sites_by_1_train,0
381,GA,0.31298500299453735,5_sites_by_1_train,1
382,GA,0.3517696261405945,5_sites_by_1_train,2
383,GA,0.23774653673171997,5_sites_by_1_train,3
384,GA,0.3425368070602417,5_sites_by_1_train,4
385,GA,0.3464956283569336,5_sites_by_1_train,5
386,GA,0.3836056590080261,5_sites_by_1_train,6
387,GA,0.33615899085998535,5_sites_by_1_train,7
388,GA,0.34736400842666626,5_sites_by_1_train,8
389,GA,0.3112042546272278,5_sites_by_1_train,9
500,GC,0.3663419485092163,5_sites_by_1_train,0
501,GC,0.3456292748451233,5_sites_by_1_train,1
502,GC,0.31550848484039307,5_sites_by_1_train,2
503,GC,0.3074953556060791,5_sites_by_1_train,3
504,GC,0.3933280110359192,5_sites_by_1_train,4
505,GC,0.32927119731903076,5_sites_by_1_train,5
506,GC,0.3653038740158081,5_sites_by_1_train,6
507,GC,0.36240118741989136,5_sites_by_1_train,7
508,GC,0.3313923478126526,5_sites_by_1_train,8
509,GC,0.2993099093437195,5_sites_by_1_train,9
620,GT,0.16490578651428223,5_sites_by_1_train,0
621,GT,0.13092631101608276,5_sites_by_1_train,1
622,GT,0.19684207439422607,5_sites_by_1_train,2
623,GT,0.18575453758239746,5_sites_by_1_train,3
624,GT,0.16444522142410278,5_sites_by_1_train,4
625,GT,0.18055886030197144,5_sites_by_1_train,5
626,GT,0.1641371250152588,5_sites_by_1_train,6
627,GT,0.15888720750808716,5_sites_by_1_train,7
628,GT,0.167128324508667,5_sites_by_1_train,8
629,GT,0.19703298807144165,5_sites_by_1_train,9
1100,TA,0.5659455358982086,5_sites_by_1_train,0
1101,TA,0.5780297517776489,5_sites_by_1_train,1
1102,TA,0.582843542098999,5_sites_by_1_train,2
1103,TA,0.5864800214767456,5_sites_by_1_train,3
1104,TA,0.5711926221847534,5_sites_by_1_train,4
1105,TA,0.5704036951065063,5_sites_by_1_train,5
1106,TA,0.5657789707183838,5_sites_by_1_train,6
1107,TA,0.5686448216438293,5_sites_by_1_train,7
1108,TA,0.5717300176620483,5_sites_by_1_train,8
1109,TA,0.5681273639202118,5_sites_by_1_train,9
1340,TC,0.4378601908683777,5_sites_by_1_train,0
1341,TC,0.4274393320083618,5_sites_by_1_train,1
1342,TC,0.41589272022247314,5_sites_by_1_train,2
1343,TC,0.4126540422439575,5_sites_by_1_train,3
1344,TC,0.4216180443763733,5_sites_by_1_train,4
1345,TC,0.42822933197021484,5_sites_by_1_train,5
1346,TC,0.43329936265945435,5_sites_by_1_train,6
1347,TC,0.4196539521217346,5_sites_by_1_train,7
1348,TC,0.41500335931777954,5_sites_by_1_train,8
1349,TC,0.41990065574645996,5_sites_by_1_train,9
1220,TG,0.6526341438293457,5_sites_by_1_train,0
1221,TG,0.6449619829654694,5_sites_by_1_train,1
1222,TG,0.6430861353874207,5_sites_by_1_train,2
1223,TG,0.6372515857219696,5_sites_by_1_train,3
1224,TG,0.6408896744251251,5_sites_by_1_train,4
1225,TG,0.6203080713748932,5_sites_by_1_train,5
1226,TG,0.6247206926345825,5_sites_by_1_train,6
1227,TG,0.6337504684925079,5_sites_by_1_train,7
1228,TG,0.6208400130271912,5_sites_by_1_train,8
1229,TG,0.6263004243373871,5_sites_by_1_train,9
210,AC,0.6554824709892273,5_sites_by_3_test,0
211,AC,0.6782336831092834,5_sites_by_3_test,1
212,AC,0.6254093647003174,5_sites_by_3_test,2
213,AC,0.5988710522651672,5_sites_by_3_test,3
214,AC,0.6368501782417297,5_sites_by_3_test,4
215,AC,0.6614591479301453,5_sites_by_3_test,5
216,AC,0.6022271811962128,5_sites_by_3_test,6
217,AC,0.6145257651805878,5_sites_by_3_test,7
218,AC,0.6393267214298248,5_sites_by_3_test,8
219,AC,0.6248584687709808,5_sites_by_3_test,9
90,AG,0.4613220691680908,5_sites_by_3_test,0
91,AG,0.4349251985549927,5_sites_by_3_test,1
92,AG,0.3795406222343445,5_sites_by_3_test,2
93,AG,0.4845326542854309,5_sites_by_3_test,3
94,AG,0.4256928563117981,5_sites_by_3_test,4
95,AG,0.4098581075668335,5_sites_by_3_test,5
96,AG,0.3586416244506836,5_sites_by_3_test,6
97,AG,0.45379841327667236,5_sites_by_3_test,7
98,AG,0.4957236051559448,5_sites_by_3_test,8
99,AG,0.44632768630981445,5_sites_by_3_test,9
330,AT,0.6332227885723114,5_sites_by_3_test,0
331,AT,0.5442332029342651,5_sites_by_3_test,1
332,AT,0.557573139667511,5_sites_by_3_test,2
333,AT,0.6010949909687042,5_sites_by_3_test,3
334,AT,0.6586850881576538,5_sites_by_3_test,4
335,AT,0.6108390986919403,5_sites_by_3_test,5
336,AT,0.6122426986694336,5_sites_by_3_test,6
337,AT,0.5884001851081848,5_sites_by_3_test,7
338,AT,0.6559911370277405,5_sites_by_3_test,8
339,AT,0.5420232117176056,5_sites_by_3_test,9
810,CA,0.2900271415710449,5_sites_by_3_test,0
811,CA,0.42945021390914917,5_sites_by_3_test,1
812,CA,0.3156850337982178,5_sites_by_3_test,2
813,CA,0.39627599716186523,5_sites_by_3_test,3
814,CA,0.4214867353439331,5_sites_by_3_test,4
815,CA,0.40314382314682007,5_sites_by_3_test,5
816,CA,0.19660335779190063,5_sites_by_3_test,6
817,CA,0.2396506667137146,5_sites_by_3_test,7
818,CA,0.27763861417770386,5_sites_by_3_test,8
819,CA,0.1235002875328064,5_sites_by_3_test,9
930,CG,0.24385273456573486,5_sites_by_3_test,0
931,CG,0.30533838272094727,5_sites_by_3_test,1
932,CG,0.2628691792488098,5_sites_by_3_test,2
933,CG,0.29870957136154175,5_sites_by_3_test,3
934,CG,0.18324947357177734,5_sites_by_3_test,4
935,CG,0.27060824632644653,5_sites_by_3_test,5
936,CG,0.36950361728668213,5_sites_by_3_test,6
937,CG,0.19222098588943481,5_sites_by_3_test,7
938,CG,0.3729126453399658,5_sites_by_3_test,8
939,CG,0.14726799726486206,5_sites_by_3_test,9
1050,CT,0.47587597370147705,5_sites_by_3_test,0
1051,CT,0.41142791509628296,5_sites_by_3_test,1
1052,CT,0.41815102100372314,5_sites_by_3_test,2
1053,CT,0.46133410930633545,5_sites_by_3_test,3
1054,CT,0.44986486434936523,5_sites_by_3_test,4
1055,CT,0.4106120467185974,5_sites_by_3_test,5
1056,CT,0.40331172943115234,5_sites_by_3_test,6
1057,CT,0.4458657503128052,5_sites_by_3_test,7
1058,CT,0.48782938718795776,5_sites_by_3_test,8
1059,CT,0.4764394760131836,5_sites_by_3_test,9
450,GA,0.432778000831604,5_sites_by_3_test,0
451,GA,0.48859208822250366,5_sites_by_3_test,1
452,GA,0.39177924394607544,5_sites_by_3_test,2
453,GA,0.43656694889068604,5_sites_by_3_test,3
454,GA,0.32213616371154785,5_sites_by_3_test,4
455,GA,0.40879327058792114,5_sites_by_3_test,5
456,GA,0.34324175119400024,5_sites_by_3_test,6
457,GA,0.38650625944137573,5_sites_by_3_test,7
458,GA,0.3698009252548218,5_sites_by_3_test,8
459,GA,0.5690933465957642,5_sites_by_3_test,9
570,GC,-0.08254611492156982,5_sites_by_3_test,0
571,GC,0.2007502317428589,5_sites_by_3_test,1
572,GC,0.26440662145614624,5_sites_by_3_test,2
573,GC,0.2566264867782593,5_sites_by_3_test,3
574,GC,-0.4633297920227051,5_sites_by_3_test,4
575,GC,0.13192516565322876,5_sites_by_3_test,5
576,GC,0.07464879751205444,5_sites_by_3_test,6
577,GC,-0.15008854866027832,5_sites_by_3_test,7
578,GC,0.15652596950531006,5_sites_by_3_test,8
579,GC,0.21101194620132446,5_sites_by_3_test,9
690,GT,-0.006630420684814453,5_sites_by_3_test,0
691,GT,-0.02995431423187256,5_sites_by_3_test,1
692,GT,-0.38429367542266846,5_sites_by_3_test,2
693,GT,-0.28404247760772705,5_sites_by_3_test,3
694,GT,0.021377861499786377,5_sites_by_3_test,4
695,GT,-0.3105161190032959,5_sites_by_3_test,5
696,GT,-0.09439432621002197,5_sites_by_3_test,6
697,GT,-0.23727071285247803,5_sites_by_3_test,7
698,GT,-0.08860146999359131,5_sites_by_3_test,8
699,GT,-0.5670539140701294,5_sites_by_3_test,9
1170,TA,0.6249168217182159,5_sites_by_3_test,0
1171,TA,0.5616797506809235,5_sites_by_3_test,1
1172,TA,0.5541732013225555,5_sites_by_3_test,2
1173,TA,0.5359548628330231,5_sites_by_3_test,3
1174,TA,0.6008983552455902,5_sites_by_3_test,4
1175,TA,0.5980323255062103,5_sites_by_3_test,5
1176,TA,0.6157218813896179,5_sites_by_3_test,6
1177,TA,0.596299946308136,5_sites_by_3_test,7
1178,TA,0.594272792339325,5_sites_by_3_test,8
1179,TA,0.6128806173801422,5_sites_by_3_test,9
1410,TC,0.4424474835395813,5_sites_by_3_test,0
1411,TC,0.48282819986343384,5_sites_by_3_test,1
1412,TC,0.5595802366733551,5_sites_by_3_test,2
1413,TC,0.535971611738205,5_sites_by_3_test,3
1414,TC,0.5286184847354889,5_sites_by_3_test,4
1415,TC,0.4747812747955322,5_sites_by_3_test,5
1416,TC,0.4685255289077759,5_sites_by_3_test,6
1417,TC,0.5353088676929474,5_sites_by_3_test,7
1418,TC,0.5150241553783417,5_sites_by_3_test,8
1419,TC,0.518403559923172,5_sites_by_3_test,9
1290,TG,0.5752573609352112,5_sites_by_3_test,0
1291,TG,0.6164604425430298,5_sites_by_3_test,1
1292,TG,0.602123886346817,5_sites_by_3_test,2
1293,TG,0.6308689117431641,5_sites_by_3_test,3
1294,TG,0.6145026683807373,5_sites_by_3_test,4
1295,TG,0.7124937176704407,5_sites_by_3_test,5
1296,TG,0.6698218286037445,5_sites_by_3_test,6
1297,TG,0.6571879386901855,5_sites_by_3_test,7
1298,TG,0.6816815137863159,5_sites_by_3_test,8
1299,TG,0.6825144588947296,5_sites_by_3_test,9
150,AC,0.6458820104598999,5_sites_by_3_train,0
151,AC,0.6410010457038879,5_sites_by_3_train,1
152,AC,0.6526662409305573,5_sites_by_3_train,2
153,AC,0.6611124873161316,5_sites_by_3_train,3
154,AC,0.6502315998077393,5_sites_by_3_train,4
155,AC,0.6457306146621704,5_sites_by_3_train,5
156,AC,0.6584415435791016,5_sites_by_3_train,6
157,AC,0.65559521317482,5_sites_by_3_train,7
158,AC,0.6504091620445251,5_sites_by_3_train,8
159,AC,0.6539027392864227,5_sites_by_3_train,9
30,AG,0.45639777183532715,5_sites_by_3_train,0
31,AG,0.46460580825805664,5_sites_by_3_train,1
32,AG,0.4817310571670532,5_sites_by_3_train,2
33,AG,0.451965868473053,5_sites_by_3_train,3
34,AG,0.4662657380104065,5_sites_by_3_train,4
35,AG,0.47150248289108276,5_sites_by_3_train,5
36,AG,0.4865165948867798,5_sites_by_3_train,6
37,AG,0.45871037244796753,5_sites_by_3_train,7
38,AG,0.45037251710891724,5_sites_by_3_train,8
39,AG,0.4616999626159668,5_sites_by_3_train,9
270,AT,0.6383289992809296,5_sites_by_3_train,0
271,AT,0.6552696228027344,5_sites_by_3_train,1
272,AT,0.6549650430679321,5_sites_by_3_train,2
273,AT,0.6460322439670563,5_sites_by_3_train,3
274,AT,0.6318467557430267,5_sites_by_3_train,4
275,AT,0.6438143849372864,5_sites_by_3_train,5
276,AT,0.6418836116790771,5_sites_by_3_train,6
277,AT,0.6502232253551483,5_sites_by_3_train,7
278,AT,0.6330821216106415,5_sites_by_3_train,8
279,AT,0.6557409465312958,5_sites_by_3_train,9
750,CA,0.43154025077819824,5_sites_by_3_train,0
751,CA,0.4029729962348938,5_sites_by_3_train,1
752,CA,0.42946523427963257,5_sites_by_3_train,2
753,CA,0.41057515144348145,5_sites_by_3_train,3
754,CA,0.4072715640068054,5_sites_by_3_train,4
755,CA,0.40514224767684937,5_sites_by_3_train,5
756,CA,0.4655768871307373,5_sites_by_3_train,6
757,CA,0.4471861720085144,5_sites_by_3_train,7
758,CA,0.44234853982925415,5_sites_by_3_train,8
759,CA,0.46273940801620483,5_sites_by_3_train,9
870,CG,0.338941752910614,5_sites_by_3_train,0
871,CG,0.32918357849121094,5_sites_by_3_train,1
872,CG,0.34351199865341187,5_sites_by_3_train,2
873,CG,0.33424246311187744,5_sites_by_3_train,3
874,CG,0.36068958044052124,5_sites_by_3_train,4
875,CG,0.32719022035598755,5_sites_by_3_train,5
876,CG,0.31649672985076904,5_sites_by_3_train,6
877,CG,0.3537190556526184,5_sites_by_3_train,7
878,CG,0.31515878438949585,5_sites_by_3_train,8
879,CG,0.35602670907974243,5_sites_by_3_train,9
990,CT,0.46282827854156494,5_sites_by_3_train,0
991,CT,0.4837612509727478,5_sites_by_3_train,1
992,CT,0.47698038816452026,5_sites_by_3_train,2
993,CT,0.4675787687301636,5_sites_by_3_train,3
994,CT,0.47288453578948975,5_sites_by_3_train,4
995,CT,0.4874145984649658,5_sites_by_3_train,5
996,CT,0.48513519763946533,5_sites_by_3_train,6
997,CT,0.4778624176979065,5_sites_by_3_train,7
998,CT,0.4651438593864441,5_sites_by_3_train,8
999,CT,0.46845072507858276,5_sites_by_3_train,9
390,GA,0.47940683364868164,5_sites_by_3_train,0
391,GA,0.4610285758972168,5_sites_by_3_train,1
392,GA,0.48769575357437134,5_sites_by_3_train,2
393,GA,0.4729788899421692,5_sites_by_3_train,3
394,GA,0.49526911973953247,5_sites_by_3_train,4
395,GA,0.481910765171051,5_sites_by_3_train,5
396,GA,0.513707846403122,5_sites_by_3_train,6
397,GA,0.4846611022949219,5_sites_by_3_train,7
398,GA,0.4880102872848511,5_sites_by_3_train,8
399,GA,0.45263171195983887,5_sites_by_3_train,9
510,GC,0.39448052644729614,5_sites_by_3_train,0
511,GC,0.3647240996360779,5_sites_by_3_train,1
512,GC,0.3493025302886963,5_sites_by_3_train,2
513,GC,0.3509109616279602,5_sites_by_3_train,3
514,GC,0.43063676357269287,5_sites_by_3_train,4
515,GC,0.379108726978302,5_sites_by_3_train,5
516,GC,0.4036170244216919,5_sites_by_3_train,6
517,GC,0.42057740688323975,5_sites_by_3_train,7
518,GC,0.3676607012748718,5_sites_by_3_train,8
519,GC,0.34864485263824463,5_sites_by_3_train,9
630,GT,0.1947227120399475,5_sites_by_3_train,0
631,GT,0.18034732341766357,5_sites_by_3_train,1
632,GT,0.23828577995300293,5_sites_by_3_train,2
633,GT,0.2513521909713745,5_sites_by_3_train,3
634,GT,0.18553870916366577,5_sites_by_3_train,4
635,GT,0.2308099865913391,5_sites_by_3_train,5
636,GT,0.2148808240890503,5_sites_by_3_train,6
637,GT,0.21380525827407837,5_sites_by_3_train,7
638,GT,0.20020925998687744,5_sites_by_3_train,8
639,GT,0.24860656261444092,5_sites_by_3_train,9
1110,TA,0.6002191007137299,5_sites_by_3_train,0
1111,TA,0.6156624257564545,5_sites_by_3_train,1
1112,TA,0.6177480220794678,5_sites_by_3_train,2
1113,TA,0.6236650943756104,5_sites_by_3_train,3
1114,TA,0.606276124715805,5_sites_by_3_train,4
1115,TA,0.6071576476097107,5_sites_by_3_train,5
1116,TA,0.6026666462421417,5_sites_by_3_train,6
1117,TA,0.6069458425045013,5_sites_by_3_train,7
1118,TA,0.6084298491477966,5_sites_by_3_train,8
1119,TA,0.6042133271694183,5_sites_by_3_train,9
1350,TC,0.5544674694538116,5_sites_by_3_train,0
1351,TC,0.5431527197360992,5_sites_by_3_train,1
1352,TC,0.5218779146671295,5_sites_by_3_train,2
1353,TC,0.5287193953990936,5_sites_by_3_train,3
1354,TC,0.530396044254303,5_sites_by_3_train,4
1355,TC,0.543029397726059,5_sites_by_3_train,5
1356,TC,0.547353208065033,5_sites_by_3_train,6
1357,TC,0.5292320847511292,5_sites_by_3_train,7
1358,TC,0.5276066958904266,5_sites_by_3_train,8
1359,TC,0.5335728824138641,5_sites_by_3_train,9
1230,TG,0.6921627819538116,5_sites_by_3_train,0
1231,TG,0.6770935356616974,5_sites_by_3_train,1
1232,TG,0.683604508638382,5_sites_by_3_train,2
1233,TG,0.674321323633194,5_sites_by_3_train,3
1234,TG,0.6800677478313446,5_sites_by_3_train,4
1235,TG,0.656950831413269,5_sites_by_3_train,5
1236,TG,0.6660842895507812,5_sites_by_3_train,6
1237,TG,0.6691489219665527,5_sites_by_3_train,7
1238,TG,0.6626152396202087,5_sites_by_3_train,8
1239,TG,0.6640323996543884,5_sites_by_3_train,9
220,AC,0.5965451896190643,7_sites_by_1_test,0
221,AC,0.6381779313087463,7_sites_by_1_test,1
222,AC,0.5676903426647186,7_sites_by_1_test,2
223,AC,0.5647789537906647,7_sites_by_1_test,3
224,AC,0.582355260848999,7_sites_by_1_test,4
225,AC,0.6262566149234772,7_sites_by_1_test,5
226,AC,0.5842806994915009,7_sites_by_1_test,6
227,AC,0.5971542000770569,7_sites_by_1_test,7
228,AC,0.596615344285965,7_sites_by_1_test,8
229,AC,0.6235178709030151,7_sites_by_1_test,9
100,AG,0.39502233266830444,7_sites_by_1_test,0
101,AG,0.3405652642250061,7_sites_by_1_test,1
102,AG,0.3182096481323242,7_sites_by_1_test,2
103,AG,0.3667680025100708,7_sites_by_1_test,3
104,AG,0.34086811542510986,7_sites_by_1_test,4
105,AG,0.3457781672477722,7_sites_by_1_test,5
106,AG,0.3271976113319397,7_sites_by_1_test,6
107,AG,0.36297905445098877,7_sites_by_1_test,7
108,AG,0.39094293117523193,7_sites_by_1_test,8
109,AG,0.3747826814651489,7_sites_by_1_test,9
340,AT,0.6320531368255615,7_sites_by_1_test,0
341,AT,0.5339518487453461,7_sites_by_1_test,1
342,AT,0.5646995902061462,7_sites_by_1_test,2
343,AT,0.6300468146800995,7_sites_by_1_test,3
344,AT,0.6680445671081543,7_sites_by_1_test,4
345,AT,0.5922957956790924,7_sites_by_1_test,5
346,AT,0.6143462061882019,7_sites_by_1_test,6
347,AT,0.5754988193511963,7_sites_by_1_test,7
348,AT,0.6706289649009705,7_sites_by_1_test,8
349,AT,0.5473518073558807,7_sites_by_1_test,9
820,CA,0.2417507767677307,7_sites_by_1_test,0
821,CA,0.33156388998031616,7_sites_by_1_test,1
822,CA,0.4313211441040039,7_sites_by_1_test,2
823,CA,0.4650641083717346,7_sites_by_1_test,3
824,CA,0.4290653467178345,7_sites_by_1_test,4
825,CA,0.43463456630706787,7_sites_by_1_test,5
826,CA,0.2818008065223694,7_sites_by_1_test,6
827,CA,0.3175863027572632,7_sites_by_1_test,7
828,CA,0.2630254030227661,7_sites_by_1_test,8
829,CA,0.15462809801101685,7_sites_by_1_test,9
940,CG,0.32114535570144653,7_sites_by_1_test,0
941,CG,0.38487255573272705,7_sites_by_1_test,1
942,CG,0.28991758823394775,7_sites_by_1_test,2
943,CG,0.3008476495742798,7_sites_by_1_test,3
944,CG,0.2370903491973877,7_sites_by_1_test,4
945,CG,0.32003647089004517,7_sites_by_1_test,5
946,CG,0.36649030447006226,7_sites_by_1_test,6
947,CG,0.25390779972076416,7_sites_by_1_test,7
948,CG,0.3870426416397095,7_sites_by_1_test,8
949,CG,0.21458232402801514,7_sites_by_1_test,9
1060,CT,0.4831084609031677,7_sites_by_1_test,0
1061,CT,0.3977404832839966,7_sites_by_1_test,1
1062,CT,0.42684441804885864,7_sites_by_1_test,2
1063,CT,0.46570438146591187,7_sites_by_1_test,3
1064,CT,0.4356778860092163,7_sites_by_1_test,4
1065,CT,0.3762814402580261,7_sites_by_1_test,5
1066,CT,0.3777558207511902,7_sites_by_1_test,6
1067,CT,0.4287434220314026,7_sites_by_1_test,7
1068,CT,0.47355735301971436,7_sites_by_1_test,8
1069,CT,0.46523934602737427,7_sites_by_1_test,9
460,GA,0.4430745840072632,7_sites_by_1_test,0
461,GA,0.4710530638694763,7_sites_by_1_test,1
462,GA,0.35588163137435913,7_sites_by_1_test,2
463,GA,0.4041460156440735,7_sites_by_1_test,3
464,GA,0.35306286811828613,7_sites_by_1_test,4
465,GA,0.31565141677856445,7_sites_by_1_test,5
466,GA,0.22038006782531738,7_sites_by_1_test,6
467,GA,0.3769739866256714,7_sites_by_1_test,7
468,GA,0.33924245834350586,7_sites_by_1_test,8
469,GA,0.49357932806015015,7_sites_by_1_test,9
580,GC,-0.014969110488891602,7_sites_by_1_test,0
581,GC,0.08245289325714111,7_sites_by_1_test,1
582,GC,0.3391267657279968,7_sites_by_1_test,2
583,GC,0.3747084140777588,7_sites_by_1_test,3
584,GC,-0.28019285202026367,7_sites_by_1_test,4
585,GC,0.24524080753326416,7_sites_by_1_test,5
586,GC,0.050720274448394775,7_sites_by_1_test,6
587,GC,0.08602690696716309,7_sites_by_1_test,7
588,GC,0.23946213722229004,7_sites_by_1_test,8
589,GC,0.33079439401626587,7_sites_by_1_test,9
700,GT,-0.13393747806549072,7_sites_by_1_test,0
701,GT,0.14902949333190918,7_sites_by_1_test,1
702,GT,-0.12216842174530029,7_sites_by_1_test,2
703,GT,-0.09739351272583008,7_sites_by_1_test,3
704,GT,-0.009405970573425293,7_sites_by_1_test,4
705,GT,-0.11089742183685303,7_sites_by_1_test,5
706,GT,0.012602031230926514,7_sites_by_1_test,6
707,GT,-0.030541300773620605,7_sites_by_1_test,7
708,GT,-0.09370791912078857,7_sites_by_1_test,8
709,GT,-0.30241525173187256,7_sites_by_1_test,9
1180,TA,0.6095280647277832,7_sites_by_1_test,0
1181,TA,0.5655476152896881,7_sites_by_1_test,1
1182,TA,0.5567407011985779,7_sites_by_1_test,2
1183,TA,0.517512857913971,7_sites_by_1_test,3
1184,TA,0.5936484932899475,7_sites_by_1_test,4
1185,TA,0.5825691521167755,7_sites_by_1_test,5
1186,TA,0.6061095595359802,7_sites_by_1_test,6
1187,TA,0.6002894043922424,7_sites_by_1_test,7
1188,TA,0.572851836681366,7_sites_by_1_test,8
1189,TA,0.5950297713279724,7_sites_by_1_test,9
1420,TC,0.39513617753982544,7_sites_by_1_test,0
1421,TC,0.4125116467475891,7_sites_by_1_test,1
1422,TC,0.45559632778167725,7_sites_by_1_test,2
1423,TC,0.4773670434951782,7_sites_by_1_test,3
1424,TC,0.4545465111732483,7_sites_by_1_test,4
1425,TC,0.41824615001678467,7_sites_by_1_test,5
1426,TC,0.3941355347633362,7_sites_by_1_test,6
1427,TC,0.43660402297973633,7_sites_by_1_test,7
1428,TC,0.4615291953086853,7_sites_by_1_test,8
1429,TC,0.416406512260437,7_sites_by_1_test,9
1300,TG,0.5652711987495422,7_sites_by_1_test,0
1301,TG,0.5733888149261475,7_sites_by_1_test,1
1302,TG,0.6061724424362183,7_sites_by_1_test,2
1303,TG,0.6283813416957855,7_sites_by_1_test,3
1304,TG,0.6073230803012848,7_sites_by_1_test,4
1305,TG,0.6780650615692139,7_sites_by_1_test,5
1306,TG,0.6498835682868958,7_sites_by_1_test,6
1307,TG,0.63253253698349,7_sites_by_1_test,7
1308,TG,0.6721191704273224,7_sites_by_1_test,8
1309,TG,0.6569599509239197,7_sites_by_1_test,9
160,AC,0.6022386252880096,7_sites_by_1_train,0
161,AC,0.5925097763538361,7_sites_by_1_train,1
162,AC,0.6113309860229492,7_sites_by_1_train,2
163,AC,0.6123601794242859,7_sites_by_1_train,3
164,AC,0.6067781150341034,7_sites_by_1_train,4
165,AC,0.5976002514362335,7_sites_by_1_train,5
166,AC,0.606696218252182,7_sites_by_1_train,6
167,AC,0.6018825769424438,7_sites_by_1_train,7
168,AC,0.6039350628852844,7_sites_by_1_train,8
169,AC,0.5984810590744019,7_sites_by_1_train,9
40,AG,0.3798367381095886,7_sites_by_1_train,0
41,AG,0.3876195549964905,7_sites_by_1_train,1
42,AG,0.40445923805236816,7_sites_by_1_train,2
43,AG,0.36628198623657227,7_sites_by_1_train,3
44,AG,0.3879748582839966,7_sites_by_1_train,4
45,AG,0.3940204381942749,7_sites_by_1_train,5
46,AG,0.39960789680480957,7_sites_by_1_train,6
47,AG,0.38875776529312134,7_sites_by_1_train,7
48,AG,0.38231146335601807,7_sites_by_1_train,8
49,AG,0.38389551639556885,7_sites_by_1_train,9
280,AT,0.6395518481731415,7_sites_by_1_train,0
281,AT,0.6586174666881561,7_sites_by_1_train,1
282,AT,0.6533841192722321,7_sites_by_1_train,2
283,AT,0.6400429904460907,7_sites_by_1_train,3
284,AT,0.6305274665355682,7_sites_by_1_train,4
285,AT,0.6466785073280334,7_sites_by_1_train,5
286,AT,0.6423299908638,7_sites_by_1_train,6
287,AT,0.653569757938385,7_sites_by_1_train,7
288,AT,0.6290149986743927,7_sites_by_1_train,8
289,AT,0.6559908092021942,7_sites_by_1_train,9
760,CA,0.4175112843513489,7_sites_by_1_train,0
761,CA,0.3907455801963806,7_sites_by_1_train,1
762,CA,0.3789697289466858,7_sites_by_1_train,2
763,CA,0.3688626289367676,7_sites_by_1_train,3
764,CA,0.37539464235305786,7_sites_by_1_train,4
765,CA,0.37502819299697876,7_sites_by_1_train,5
766,CA,0.4189116954803467,7_sites_by_1_train,6
767,CA,0.41083258390426636,7_sites_by_1_train,7
768,CA,0.4139196276664734,7_sites_by_1_train,8
769,CA,0.438801646232605,7_sites_by_1_train,9
880,CG,0.3184385895729065,7_sites_by_1_train,0
881,CG,0.31017690896987915,7_sites_by_1_train,1
882,CG,0.3293522000312805,7_sites_by_1_train,2
883,CG,0.3203999996185303,7_sites_by_1_train,3
884,CG,0.3404359817504883,7_sites_by_1_train,4
885,CG,0.314322292804718,7_sites_by_1_train,5
886,CG,0.30250972509384155,7_sites_by_1_train,6
887,CG,0.3355289697647095,7_sites_by_1_train,7
888,CG,0.30136823654174805,7_sites_by_1_train,8
889,CG,0.3357745409011841,7_sites_by_1_train,9
1000,CT,0.4486003518104553,7_sites_by_1_train,0
1001,CT,0.4752495288848877,7_sites_by_1_train,1
1002,CT,0.4615516662597656,7_sites_by_1_train,2
1003,CT,0.4474450349807739,7_sites_by_1_train,3
1004,CT,0.4623660445213318,7_sites_by_1_train,4
1005,CT,0.47339320182800293,7_sites_by_1_train,5
1006,CT,0.4791240692138672,7_sites_by_1_train,6
1007,CT,0.4572333097457886,7_sites_by_1_train,7
1008,CT,0.45359915494918823,7_sites_by_1_train,8
1009,CT,0.45455020666122437,7_sites_by_1_train,9
400,GA,0.39321327209472656,7_sites_by_1_train,0
401,GA,0.38180339336395264,7_sites_by_1_train,1
402,GA,0.4131435751914978,7_sites_by_1_train,2
403,GA,0.377346932888031,7_sites_by_1_train,3
404,GA,0.40950286388397217,7_sites_by_1_train,4
405,GA,0.41830551624298096,7_sites_by_1_train,5
406,GA,0.45220863819122314,7_sites_by_1_train,6
407,GA,0.4047183394432068,7_sites_by_1_train,7
408,GA,0.4090424180030823,7_sites_by_1_train,8
409,GA,0.3717758059501648,7_sites_by_1_train,9
520,GC,0.39700597524642944,7_sites_by_1_train,0
521,GC,0.3870508670806885,7_sites_by_1_train,1
522,GC,0.3380754590034485,7_sites_by_1_train,2
523,GC,0.333041787147522,7_sites_by_1_train,3
524,GC,0.42045438289642334,7_sites_by_1_train,4
525,GC,0.3544198274612427,7_sites_by_1_train,5
526,GC,0.4004838466644287,7_sites_by_1_train,6
527,GC,0.38470643758773804,7_sites_by_1_train,7
528,GC,0.34670811891555786,7_sites_by_1_train,8
529,GC,0.33096879720687866,7_sites_by_1_train,9
640,GT,0.20785850286483765,7_sites_by_1_train,0
641,GT,0.14032727479934692,7_sites_by_1_train,1
642,GT,0.20957022905349731,7_sites_by_1_train,2
643,GT,0.18501287698745728,7_sites_by_1_train,3
644,GT,0.17602252960205078,7_sites_by_1_train,4
645,GT,0.1856459379196167,7_sites_by_1_train,5
646,GT,0.18747621774673462,7_sites_by_1_train,6
647,GT,0.17842572927474976,7_sites_by_1_train,7
648,GT,0.1829395890235901,7_sites_by_1_train,8
649,GT,0.1995740532875061,7_sites_by_1_train,9
1120,TA,0.5906904339790344,7_sites_by_1_train,0
1121,TA,0.6016659438610077,7_sites_by_1_train,1
1122,TA,0.6041287481784821,7_sites_by_1_train,2
1123,TA,0.6150789856910706,7_sites_by_1_train,3
1124,TA,0.5944917798042297,7_sites_by_1_train,4
1125,TA,0.5969657599925995,7_sites_by_1_train,5
1126,TA,0.5918272435665131,7_sites_by_1_train,6
1127,TA,0.5924279689788818,7_sites_by_1_train,7
1128,TA,0.6003904938697815,7_sites_by_1_train,8
1129,TA,0.5948578417301178,7_sites_by_1_train,9
1360,TC,0.46513134241104126,7_sites_by_1_train,0
1361,TC,0.45013338327407837,7_sites_by_1_train,1
1362,TC,0.44796180725097656,7_sites_by_1_train,2
1363,TC,0.4443287253379822,7_sites_by_1_train,3
1364,TC,0.44996577501296997,7_sites_by_1_train,4
1365,TC,0.45895665884017944,7_sites_by_1_train,5
1366,TC,0.4645618796348572,7_sites_by_1_train,6
1367,TC,0.45348894596099854,7_sites_by_1_train,7
1368,TC,0.44785284996032715,7_sites_by_1_train,8
1369,TC,0.4593520760536194,7_sites_by_1_train,9
1240,TG,0.673370748758316,7_sites_by_1_train,0
1241,TG,0.6661645770072937,7_sites_by_1_train,1
1242,TG,0.6613735556602478,7_sites_by_1_train,2
1243,TG,0.6555477678775787,7_sites_by_1_train,3
1244,TG,0.6605845093727112,7_sites_by_1_train,4
1245,TG,0.6433616280555725,7_sites_by_1_train,5
1246,TG,0.649526447057724,7_sites_by_1_train,6
1247,TG,0.6543818414211273,7_sites_by_1_train,7
1248,TG,0.6444336175918579,7_sites_by_1_train,8
1249,TG,0.6484493315219879,7_sites_by_1_train,9
230,AC,0.6671366095542908,7_sites_by_3_test,0
231,AC,0.6873913109302521,7_sites_by_3_test,1
232,AC,0.6401146650314331,7_sites_by_3_test,2
233,AC,0.5997970402240753,7_sites_by_3_test,3
234,AC,0.6228505671024323,7_sites_by_3_test,4
235,AC,0.6592201888561249,7_sites_by_3_test,5
236,AC,0.611704409122467,7_sites_by_3_test,6
237,AC,0.6456609964370728,7_sites_by_3_test,7
238,AC,0.6412658393383026,7_sites_by_3_test,8
239,AC,0.6381219029426575,7_sites_by_3_test,9
110,AG,0.44915372133255005,7_sites_by_3_test,0
111,AG,0.43373751640319824,7_sites_by_3_test,1
112,AG,0.3757197856903076,7_sites_by_3_test,2
113,AG,0.48092514276504517,7_sites_by_3_test,3
114,AG,0.4392552971839905,7_sites_by_3_test,4
115,AG,0.43090009689331055,7_sites_by_3_test,5
116,AG,0.35501378774642944,7_sites_by_3_test,6
117,AG,0.4619189500808716,7_sites_by_3_test,7
118,AG,0.49622398614883423,7_sites_by_3_test,8
119,AG,0.4572468400001526,7_sites_by_3_test,9
350,AT,0.6299033761024475,7_sites_by_3_test,0
351,AT,0.550307035446167,7_sites_by_3_test,1
352,AT,0.5530882179737091,7_sites_by_3_test,2
353,AT,0.5911337733268738,7_sites_by_3_test,3
354,AT,0.6580696403980255,7_sites_by_3_test,4
355,AT,0.5839127600193024,7_sites_by_3_test,5
356,AT,0.623230367898941,7_sites_by_3_test,6
357,AT,0.6045873165130615,7_sites_by_3_test,7
358,AT,0.668292760848999,7_sites_by_3_test,8
359,AT,0.5763189494609833,7_sites_by_3_test,9
830,CA,0.30979931354522705,7_sites_by_3_test,0
831,CA,0.40563929080963135,7_sites_by_3_test,1
832,CA,0.39909589290618896,7_sites_by_3_test,2
833,CA,0.49755728244781494,7_sites_by_3_test,3
834,CA,0.46243417263031006,7_sites_by_3_test,4
835,CA,0.32013601064682007,7_sites_by_3_test,5
836,CA,0.3039870262145996,7_sites_by_3_test,6
837,CA,0.35760635137557983,7_sites_by_3_test,7
838,CA,0.1267988681793213,7_sites_by_3_test,8
839,CA,0.2096589207649231,7_sites_by_3_test,9
950,CG,0.06016695499420166,7_sites_by_3_test,0
951,CG,0.2772589921951294,7_sites_by_3_test,1
952,CG,0.1559131145477295,7_sites_by_3_test,2
953,CG,0.2597014307975769,7_sites_by_3_test,3
954,CG,0.15698635578155518,7_sites_by_3_test,4
955,CG,-0.007352471351623535,7_sites_by_3_test,5
956,CG,0.21667128801345825,7_sites_by_3_test,6
957,CG,0.05956965684890747,7_sites_by_3_test,7
958,CG,0.22645515203475952,7_sites_by_3_test,8
959,CG,-0.17120623588562012,7_sites_by_3_test,9
1070,CT,0.4573080539703369,7_sites_by_3_test,0
1071,CT,0.3631390333175659,7_sites_by_3_test,1
1072,CT,0.4056815505027771,7_sites_by_3_test,2
1073,CT,0.4396517872810364,7_sites_by_3_test,3
1074,CT,0.41585278511047363,7_sites_by_3_test,4
1075,CT,0.37178367376327515,7_sites_by_3_test,5
1076,CT,0.3885464072227478,7_sites_by_3_test,6
1077,CT,0.4348052144050598,7_sites_by_3_test,7
1078,CT,0.4444843530654907,7_sites_by_3_test,8
1079,CT,0.4236576557159424,7_sites_by_3_test,9
470,GA,0.5341551005840302,7_sites_by_3_test,0
471,GA,0.5449989140033722,7_sites_by_3_test,1
472,GA,0.4185984134674072,7_sites_by_3_test,2
473,GA,0.449266254901886,7_sites_by_3_test,3
474,GA,0.1436339020729065,7_sites_by_3_test,4
475,GA,0.44484418630599976,7_sites_by_3_test,5
476,GA,0.3570516109466553,7_sites_by_3_test,6
477,GA,0.4314914345741272,7_sites_by_3_test,7
478,GA,0.43218517303466797,7_sites_by_3_test,8
479,GA,0.5442086756229401,7_sites_by_3_test,9
590,GC,-0.5030020475387573,7_sites_by_3_test,0
591,GC,0.215953528881073,7_sites_by_3_test,1
592,GC,-0.27566444873809814,7_sites_by_3_test,2
593,GC,0.19498467445373535,7_sites_by_3_test,3
594,GC,-0.8646169900894165,7_sites_by_3_test,4
595,GC,0.09568637609481812,7_sites_by_3_test,5
596,GC,-0.13186156749725342,7_sites_by_3_test,6
597,GC,-0.8889241218566895,7_sites_by_3_test,7
598,GC,-0.0791316032409668,7_sites_by_3_test,8
599,GC,-0.07434916496276855,7_sites_by_3_test,9
710,GT,-0.6327849626541138,7_sites_by_3_test,0
711,GT,-0.8067973852157593,7_sites_by_3_test,1
712,GT,-0.995661735534668,7_sites_by_3_test,2
713,GT,-0.7638726234436035,7_sites_by_3_test,3
714,GT,-1.3561151027679443,7_sites_by_3_test,4
715,GT,-0.612155556678772,7_sites_by_3_test,5
716,GT,-0.6100314855575562,7_sites_by_3_test,6
717,GT,-0.7825659513473511,7_sites_by_3_test,7
718,GT,-1.4710297584533691,7_sites_by_3_test,8
719,GT,-1.0733273029327393,7_sites_by_3_test,9
1190,TA,0.6498429477214813,7_sites_by_3_test,0
1191,TA,0.5642179548740387,7_sites_by_3_test,1
1192,TA,0.5869317948818207,7_sites_by_3_test,2
1193,TA,0.5392455458641052,7_sites_by_3_test,3
1194,TA,0.6135590970516205,7_sites_by_3_test,4
1195,TA,0.6052033305168152,7_sites_by_3_test,5
1196,TA,0.6335784196853638,7_sites_by_3_test,6
1197,TA,0.6154574155807495,7_sites_by_3_test,7
1198,TA,0.5872208178043365,7_sites_by_3_test,8
1199,TA,0.6158260405063629,7_sites_by_3_test,9
1430,TC,0.4828872084617615,7_sites_by_3_test,0
1431,TC,0.5157973766326904,7_sites_by_3_test,1
1432,TC,0.5856030285358429,7_sites_by_3_test,2
1433,TC,0.5474446415901184,7_sites_by_3_test,3
1434,TC,0.562562108039856,7_sites_by_3_test,4
1435,TC,0.5134880542755127,7_sites_by_3_test,5
1436,TC,0.5167584121227264,7_sites_by_3_test,6
1437,TC,0.5437158048152924,7_sites_by_3_test,7
1438,TC,0.538716584444046,7_sites_by_3_test,8
1439,TC,0.5539456307888031,7_sites_by_3_test,9
1310,TG,0.5782531499862671,7_sites_by_3_test,0
1311,TG,0.6345937550067902,7_sites_by_3_test,1
1312,TG,0.636803388595581,7_sites_by_3_test,2
1313,TG,0.6672161817550659,7_sites_by_3_test,3
1314,TG,0.6408164799213409,7_sites_by_3_test,4
1315,TG,0.6985520124435425,7_sites_by_3_test,5
1316,TG,0.6673052906990051,7_sites_by_3_test,6
1317,TG,0.6667653322219849,7_sites_by_3_test,7
1318,TG,0.707267552614212,7_sites_by_3_test,8
1319,TG,0.6909204125404358,7_sites_by_3_test,9
170,AC,0.6791988909244537,7_sites_by_3_train,0
171,AC,0.6726480424404144,7_sites_by_3_train,1
172,AC,0.6871665120124817,7_sites_by_3_train,2
173,AC,0.7021232545375824,7_sites_by_3_train,3
174,AC,0.6917408108711243,7_sites_by_3_train,4
175,AC,0.683081328868866,7_sites_by_3_train,5
176,AC,0.6966522634029388,7_sites_by_3_train,6
177,AC,0.6895652413368225,7_sites_by_3_train,7
178,AC,0.6838352084159851,7_sites_by_3_train,8
179,AC,0.6903951168060303,7_sites_by_3_train,9
50,AG,0.48966139554977417,7_sites_by_3_train,0
51,AG,0.5022875368595123,7_sites_by_3_train,1
52,AG,0.4935900568962097,7_sites_by_3_train,2
53,AG,0.4917445182800293,7_sites_by_3_train,3
54,AG,0.49662965536117554,7_sites_by_3_train,4
55,AG,0.4986576437950134,7_sites_by_3_train,5
56,AG,0.503761351108551,7_sites_by_3_train,6
57,AG,0.48996275663375854,7_sites_by_3_train,7
58,AG,0.4823504686355591,7_sites_by_3_train,8
59,AG,0.48460739850997925,7_sites_by_3_train,9
290,AT,0.6931292414665222,7_sites_by_3_train,0
291,AT,0.6968607008457184,7_sites_by_3_train,1
292,AT,0.7052488625049591,7_sites_by_3_train,2
293,AT,0.6992360353469849,7_sites_by_3_train,3
294,AT,0.6863795816898346,7_sites_by_3_train,4
295,AT,0.695823460817337,7_sites_by_3_train,5
296,AT,0.6947014331817627,7_sites_by_3_train,6
297,AT,0.6927589178085327,7_sites_by_3_train,7
298,AT,0.6787912249565125,7_sites_by_3_train,8
299,AT,0.6941491961479187,7_sites_by_3_train,9
770,CA,0.5724449455738068,7_sites_by_3_train,0
771,CA,0.545596182346344,7_sites_by_3_train,1
772,CA,0.5507943630218506,7_sites_by_3_train,2
773,CA,0.5269279479980469,7_sites_by_3_train,3
774,CA,0.5364812612533569,7_sites_by_3_train,4
775,CA,0.5442756712436676,7_sites_by_3_train,5
776,CA,0.5765480399131775,7_sites_by_3_train,6
777,CA,0.5434903800487518,7_sites_by_3_train,7
778,CA,0.6050227880477905,7_sites_by_3_train,8
779,CA,0.5741327106952667,7_sites_by_3_train,9
890,CG,0.41316813230514526,7_sites_by_3_train,0
891,CG,0.38517940044403076,7_sites_by_3_train,1
892,CG,0.410528302192688,7_sites_by_3_train,2
893,CG,0.39970195293426514,7_sites_by_3_train,3
894,CG,0.41917604207992554,7_sites_by_3_train,4
895,CG,0.4017801284790039,7_sites_by_3_train,5
896,CG,0.3964371681213379,7_sites_by_3_train,6
897,CG,0.4133366346359253,7_sites_by_3_train,7
898,CG,0.39581751823425293,7_sites_by_3_train,8
899,CG,0.43517374992370605,7_sites_by_3_train,9
1010,CT,0.500146359205246,7_sites_by_3_train,0
1011,CT,0.5096124708652496,7_sites_by_3_train,1
1012,CT,0.5035194456577301,7_sites_by_3_train,2
1013,CT,0.48848557472229004,7_sites_by_3_train,3
1014,CT,0.5002785921096802,7_sites_by_3_train,4
1015,CT,0.5012872219085693,7_sites_by_3_train,5
1016,CT,0.5067931115627289,7_sites_by_3_train,6
1017,CT,0.4893207550048828,7_sites_by_3_train,7
1018,CT,0.4935643672943115,7_sites_by_3_train,8
1019,CT,0.48962724208831787,7_sites_by_3_train,9
410,GA,0.598998636007309,7_sites_by_3_train,0
411,GA,0.606721818447113,7_sites_by_3_train,1
412,GA,0.5801966786384583,7_sites_by_3_train,2
413,GA,0.5990820527076721,7_sites_by_3_train,3
414,GA,0.6830121278762817,7_sites_by_3_train,4
415,GA,0.5981613993644714,7_sites_by_3_train,5
416,GA,0.6364259421825409,7_sites_by_3_train,6
417,GA,0.6068597435951233,7_sites_by_3_train,7
418,GA,0.5917770266532898,7_sites_by_3_train,8
419,GA,0.6017379462718964,7_sites_by_3_train,9
530,GC,0.628799706697464,7_sites_by_3_train,0
531,GC,0.5903953611850739,7_sites_by_3_train,1
532,GC,0.622624546289444,7_sites_by_3_train,2
533,GC,0.613479346036911,7_sites_by_3_train,3
534,GC,0.6555005311965942,7_sites_by_3_train,4
535,GC,0.6192566156387329,7_sites_by_3_train,5
536,GC,0.6603628993034363,7_sites_by_3_train,6
537,GC,0.6829839646816254,7_sites_by_3_train,7
538,GC,0.6237322390079498,7_sites_by_3_train,8
539,GC,0.6339040100574493,7_sites_by_3_train,9
650,GT,0.4565451145172119,7_sites_by_3_train,0
651,GT,0.43491631746292114,7_sites_by_3_train,1
652,GT,0.4570656418800354,7_sites_by_3_train,2
653,GT,0.4494510293006897,7_sites_by_3_train,3
654,GT,0.39432770013809204,7_sites_by_3_train,4
655,GT,0.46019887924194336,7_sites_by_3_train,5
656,GT,0.437732994556427,7_sites_by_3_train,6
657,GT,0.40528374910354614,7_sites_by_3_train,7
658,GT,0.42677581310272217,7_sites_by_3_train,8
659,GT,0.4614102840423584,7_sites_by_3_train,9
1130,TA,0.645573079586029,7_sites_by_3_train,0
1131,TA,0.6626458168029785,7_sites_by_3_train,1
1132,TA,0.6575373411178589,7_sites_by_3_train,2
1133,TA,0.676301509141922,7_sites_by_3_train,3
1134,TA,0.6543093323707581,7_sites_by_3_train,4
1135,TA,0.6556538343429565,7_sites_by_3_train,5
1136,TA,0.6497946083545685,7_sites_by_3_train,6
1137,TA,0.650960385799408,7_sites_by_3_train,7
1138,TA,0.6596513092517853,7_sites_by_3_train,8
1139,TA,0.6542621850967407,7_sites_by_3_train,9
1370,TC,0.5939502716064453,7_sites_by_3_train,0
1371,TC,0.5811056792736053,7_sites_by_3_train,1
1372,TC,0.5599797070026398,7_sites_by_3_train,2
1373,TC,0.5572385191917419,7_sites_by_3_train,3
1374,TC,0.5657868683338165,7_sites_by_3_train,4
1375,TC,0.5810703635215759,7_sites_by_3_train,5
1376,TC,0.5959221124649048,7_sites_by_3_train,6
1377,TC,0.5837464332580566,7_sites_by_3_train,7
1378,TC,0.5836054682731628,7_sites_by_3_train,8
1379,TC,0.5711420774459839,7_sites_by_3_train,9
1250,TG,0.7320280075073242,7_sites_by_3_train,0
1251,TG,0.7179162204265594,7_sites_by_3_train,1
1252,TG,0.7146503031253815,7_sites_by_3_train,2
1253,TG,0.7087077796459198,7_sites_by_3_train,3
1254,TG,0.7173032462596893,7_sites_by_3_train,4
1255,TG,0.6974731087684631,7_sites_by_3_train,5
1256,TG,0.7078752219676971,7_sites_by_3_train,6
1257,TG,0.7092084586620331,7_sites_by_3_train,7
1258,TG,0.6991735398769379,7_sites_by_3_train,8
1259,TG,0.7046705186367035,7_sites_by_3_train,9
